,PRS_NAT_REF,PRS_NAT_LIB,PRS_NAT_CB2,presta_R
0,0,SANS OBJET,,a_exclure
1,1089,EXAMEN OBLIGATOIRE ENFANT COM,COM,cliniq
2,1090,EXAMEN OBLIGATOIRE ENFANT COH,COH,cliniq
3,1091,EXAMEN OBLIGATOIRE ENFANT COD,COD,cliniq
4,1092,EXAMEN OBLIGATOIRE ENFANT COG,COG,cliniq
5,1093,EXAMEN OBLIGATOIRE ENFANT COB,COB,cliniq
6,1095,MAJORATION SPECIFIQUE MOINS DE 16 ANS MAYOTTE,MTJ,a_exclure
7,1096,TELECONSULTATION MEDECIN TRAITANT AVEC EHPAD,TTE,a_exclure
8,1097,TELE EXPERTISE DOSSIER TRAITANT,TDT,a_exclure
9,1098,CONSULTATION CCMU 3,U03,a_exclure
10,1099,CONSULTATION CCMU 4 ET 5,U45,a_exclure
11,1100,PROTOCOLE MURAINE - BILAN VISUEL,RNM,a_exclure
12,1101,AVIS PONCTUEL DE CONSULTANT PUPH,APU,cliniq
13,1102,AVIS PONCTUEL DE CONSULTANT PSYCHIATRE,APY,cliniq
14,1103,AVIS PONCTUEL DE CONSULTANT DU MEDECIN,APC,cliniq
15,1104,CONSULTATION OBLIGATOIRE ENFANT,COE,cliniq
16,1105,CONSULTATION COMPLEXE,CCX,cliniq
17,1106,MAJORATION CONSULTATION COMPLEXE,MCX,cliniq
18,1107,CONSULTATION TRES COMPLEXE ENFANT,CCE,cliniq
19,1108,MAJORATION CONSULTATION TRES COMPLEXE,MTX,cliniq
20,1109,CONSULTATION SPECIALISTE MEDECINE GENERALE,GS,cliniq
21,1110,CONSULTATION MEDECINE GENERALE,G,cliniq
22,1111,CONSULTATION COTEE C,C,cliniq
23,1112,CONSULTATION COTEE CS,CS,cliniq
24,1113,CONSULTATION COTEE CNP,CNP,cliniq
25,1114,CONSULTATION SPECIFIQUE CARDIOLOGIE,CSC,cliniq
26,1115,CONSULTATION BILAN,CA,cliniq
27,1116,MAJORATION FORFAITAIRE TRANSITOIRE,MPC,cliniq
28,1117,CONSULTATION DES SPECIALISTES COTEE C2,,cliniq
29,1118,"CONSULTATION DES PSYCHIATRES COTEE C2,5",,cliniq
30,1119,MAJORATION TRANSITOIRE SPECIFIQUE,MTS,cliniq
31,1120,COMPLEMENT CONSULTATION SPECIALISTE,CCS,cliniq
32,1121,HONORAIRE DE SURVEILLANCE,HS,cliniq
33,1122,EXAMEN SPECIAL (PROTOCOLE),EXS,cliniq
34,1123,SUITE D  EXAMEN DE SANTE,SES,cliniq
35,1124,REMUNERATION MEDECIN TRAITANT PAR PATIENT  EN ALD,RMT,non_indiv_ou_pro
36,1125,MAJORATION DE COORDINATION DES GENERALISTES,MCG,cliniq
37,1126,MAJORATION DE COORDINATION SPECIALISTES,MCS,cliniq
38,1127,MAJORATION DE COORDINATION CARDIOLOGUES,MCC,cliniq
39,1128,DIFFERENTIEL REFERENT TRAITANT,DRT,non_indiv_ou_pro
40,1129,MAJORATION FORFAITAIRE TRANSITOIRE (POUR LES MOINS DE 16 ANS),MPJ,cliniq
41,1130,FORFAIT MEDECIN TRAITANT,FMT,non_indiv_ou_pro
42,1131,MAJORATION CONSULTATION APPAREILLAGE,MTA,cliniq
43,1132,MAJORATION CONSULTATION ENDOCRINO,MCE,cliniq
44,1133,MAJORATION GENERALISTE ENFANT,MGE,cliniq
45,1134,MAJORATION PREMIERE CONSULTATION FAMILLE,MPF,cliniq
46,1135,MAJORATION CONSULTATION ANNUELLE FAMILLE,MAF,cliniq
47,1136,MAJORATION ANNUELLE DE SYNTHESE,MAS,cliniq
48,1137,MAJORATION NOURRISSON,MBB,cliniq
49,1138,REMUNERATION ADDITIONNELLE CAPI,RAA,non_indiv_ou_pro
50,1139,REMUNERATION DES ADHERENTS AU  CAPI,RAC,non_indiv_ou_pro
51,1140,CONSULTATION SPECIFIQUE DE DEPISTAGE,CDE,cliniq
52,1141,MAJORATION PEDIATRE ENFANT,MPE,cliniq
53,1142,REMUNERATION ADHESION SOPHIA (SOINS DE VILLE),RSO,non_indiv_ou_pro
54,1143,REMUNERATION RENOUVELLEMENT SOPHIA (SOINS DE VILLE),RSR,non_indiv_ou_pro
55,1144,REMUNERATION FORFAITAIRE POUR LE SUIVI DES PATIENTS EN POST ALD,RST,non_indiv_ou_pro
56,1145,REMUNERATION OBJECTIF MEDECIN ET CENTRES DE SANTE,P4P,non_indiv_ou_pro
57,1146,REMUNERATION OBJECTIF MEDECIN COMPLEMENT ET CENTRES DE SANTE,R4P,non_indiv_ou_pro
58,1147,CONTESTATION FORFAIT MEDECIN TRAITANT,CFM,non_indiv_ou_pro
59,1148,REMUNERATION FORFAITAIRE PAR CONSULTATION POUR LE SUIVI DES PERSONNES AGEES,MPA,non_indiv_ou_pro
60,1149,CONTESTATION REMUNERATION SUIVI PERSONNES AGEES,CPA,non_indiv_ou_pro
61,1150,REMUNERATION PRATICIENS TERRITORIAUX DE MEDECINE GENERALE,RPT,non_indiv_ou_pro
62,1152,MAJORATION SUIVI DES ENFANTS GRANDS PREMATURES OU ATTEINTS DE PATHOLOGIE CONGENITALE GRAVE,MPP,cliniq
63,1153,MAJORATION CONSULTATION POUR INSUFFISANT CARDIAQUE APRES HOSPITALISATION,MIC,cliniq
64,1154,MAJORATION CONSULTATION SUIVI APRES HOSPITALISATION PATIENTS A FORTE COMORBIDITE,MSH,cliniq
65,1155,REMU CAS COTISATIONS SOCIALES,COT,non_indiv_ou_pro
66,1156,CONT. CAS COT.SOC.,CCO,non_indiv_ou_pro
67,1157,Acte de téléconsultation,TCP,cliniq
68,1158,Acte de télé expertise,TEP,cliniq
69,1159,renouvellement d'optique,RNO,cliniq
70,1160,INVESTISSEMENT ACTIVITE SAISONNIERE,IAS,non_indiv_ou_pro
71,1161,COMPLEMENT PRATIQUE SAISONNIERE,CPS,non_indiv_ou_pro
72,1162,REMUNERATION DES PRATICIENS TERRITORIAUX DE MEDECINE AMBULATOIRE,RCM,non_indiv_ou_pro
73,1163,REMUNERATION DEPISTAGE DU CANCER COLORECTAL,KIT,non_indiv_ou_pro
74,1164,TÉLÉ CONSULTATION - ALD ET / OU EHPAD,TLC,non_indiv_ou_pro
75,1165,TÉLÉ EXPERTISE - ALD ET/OU EHPAD,TLE,non_indiv_ou_pro
76,1166,FORFAIT COMPLÉMENTAIRE TÉLÉ EXPERTISE,TEC,non_indiv_ou_pro
77,1167,VERSEMENT DE PENALITE DE RETARD AMO,NRD,non_indiv_ou_pro
78,1168,CONSULTATION DE CONTRACEPTION ET PREVENTION,CCP,cliniq
79,1169,REMUNERATION POUR CERTIFICAT DE DECES,RCD,cliniq
80,1170,PEC EXCEPTIONNELLE DÉPASSEMENT HONORAIRE,DHE,a_exclure
81,1171,RÉMUNÉRATION MÉDECIN TRAITANT CENTRES DE SANTÉ,CSR,non_indiv_ou_pro
82,1172,TELESURVEILLANCE : PS EFFECTUANT L'ACCOMPAGNEMENT,TSA,cliniq
83,1173,FORFAIT PATIENTELE MEDECIN TRAITANT,MTF,non_indiv_ou_pro
84,1174,TELESURVEILLANCE : MEDECIN TELESURVEILLANT,TSM,cliniq
85,1175,PEC EXCEPTIONNELLE DEPASSEMENT HONORAIRE TP,DHT,cliniq
86,1176,CONTRAT INDIVIDUEL EMBAUCHE - AVANCE,COI,non_indiv_ou_pro
87,1177,AIDE FINANCIERE MATERNITE PATERNITE ADOPTION,AFC,non_indiv_ou_pro
88,1178,FORFAIT STRUCT. MEDECIN,P6P,non_indiv_ou_pro
89,1179,FORFAIT STRUCT. MEDECIN COMPLEMENT,R6P,non_indiv_ou_pro
90,1180,ROSP MT ENFANT,P5P,non_indiv_ou_pro
91,1181,ROSP MT ENFANT COMPLEMENT,R5P,non_indiv_ou_pro
92,1182,REMUNERATION OPTAM,PTM,non_indiv_ou_pro
93,1183,CONTESTATION OPTAM,CTM,non_indiv_ou_pro
94,1184,CONTRAT INDIVIDUEL EMBAUCHE - SOLDE,COS,non_indiv_ou_pro
95,1185,MURAINE - PAIEMENT DU BONUS ANNUEL,RNB,non_indiv_ou_pro
96,1186,CONTRAT INDIVIDUEL EMBAUCHE   OBJECTIFS COMPLEMENTAIRES,COC,non_indiv_ou_pro
97,1187,CONTRAT COLLECTIF   AIDE INVESTISSEMENT,CCI,non_indiv_ou_pro
98,1188,CONTRAT COLLECTIF   ATTEINTE DES OBJECTIFS,CCA,non_indiv_ou_pro
99,1189,CONTRAT DE FORMATION,COF,non_indiv_ou_pro
100,1190,TELESURVEILLANCE : PRIME VARIABLE,TSP,non_indiv_ou_pro
101,1191,TELECONSULTATION TOUTES SPECIALITES,TC,non_indiv_ou_pro
102,1192,TELECONSULTATION GENERALISTE,TCG,non_indiv_ou_pro
103,1193,TELE EXPERTISE DE NIVEAU 1,TE1,non_indiv_ou_pro
104,1194,TELE EXPERTISE DE NIVEAU 2,TE2,non_indiv_ou_pro
105,1195,FOND INNOVATION - PAIEMENT,A51,non_indiv_ou_pro
106,1196,FORFAIT INNOVATION SYSTEME DE SANTE,FIS,etab_priv
107,1197,FORFAIT REQUERANT,RQT,a_exclure
108,1198,FORFAIT REQUERANT COMPLEMENTAIRE,CRT,a_exclure
109,1209,VISITE SPECIALISTE MEDECINE GENERALE,VGS,cliniq
110,1210,VISITE MEDECINE GENERALE,VG,cliniq
111,1211,VISITE COTEE V,V,cliniq
112,1212,VISITE COTEE VS,VS,cliniq
113,1213,VISITE COTEE VNP,VNP,cliniq
114,1214,VISITE LONGUE ET COMPLEXE,VL,cliniq
115,1215,AVIS PONCTUEL DE CONSULTANT MEDECIN (VISITE),APV,cliniq
116,1216,AVIS PONCTUEL DE CONSULTANT PSYCHIATRE (VISITE),AVY,cliniq
117,1221,VISITE D  URGENCE,VA,cliniq
118,1222,VISITE URGENCE VU/MU,VU,cliniq
119,1223,MAJORATION MAINTIEN A DOMICILE,MMD,cliniq
120,1224,MD (CRITERES MEDICAUX),MD,cliniq
121,1225,MDE ( CRITERES ENVIRONNEMENTAUX),MDE,cliniq
122,1226,MD DE NUIT,MDN,cliniq
123,1227,MD  DE MILIEU NUIT,MDI,cliniq
124,1228,MD  DE DIMANCHE ET JOUR FERIES,MDD,cliniq
125,1229,MDE  DE NUIT,MEN,cliniq
126,1231,MDE MILIEU DE NUIT,MEI,cliniq
127,1232,MDE DIMANCHE ET JOUR FERIES,MED,cliniq
128,1311,ACTES EN K CHIRURGICAL,KC,techniq
129,1312,ACTES DE SPECIALITE EN K,K,techniq
130,1313,ACTES EN K D  URGENCE,KA,techniq
131,1314,FORFAIT CHIRURGIE 1,KFA,techniq
132,1315,FORFAIT CHIRURGIE 2,KFB,techniq
133,1316,ACTES DE DIAGNOSTIC COTES KE,KE,techniq
134,1317,ACTES EN KCC: ACTES SPECIFIQUES DES CHIRURGIENS,KCC,techniq
135,1318,ACTE DE PHONIATRIE PAR MEDECIN,KMO,techniq
136,1319,MAJORATION FORFAIT ACCOUCHEMENT,KFC,techniq
137,1320,"FORFAIT RADIOGRAPHIE,ECHOGRAPHIE",KFD,techniq
138,1321,ACTE DE CHIRURGIE CCAM,ADC,techniq
139,1322,ACTE D'OBSTETRIQUE CCAM,ACO,techniq
140,1323,ACTE D'ANESTHESIE CCAM,ADA,techniq
141,1324,ACTE D'ECHOGRAPHIE CCAM,ADE,techniq
142,1331,ACTES DE RADIOLOGIE,Z,techniq
143,1332,ACTES DE RADIOLOGIE NUCLEAIRE,ZN,techniq
144,1333,MAJORATION POUR PRODUIT RADIOPHARMACEUTIQUE,PRA,techniq
145,1335,ACTE DE RADIOLOGIE MAMMOGRAPHIE,ZM/ADI,techniq
146,1336,ACTE DE RADIOLOGIE MAMMOGRAPHIE DEPISTAGE,ZM DEPISTAGE/ADI,prevention
147,1341,ACTES D  ANATOMO-CYTO-PATHOLOGIE/MEDECINS,P,techniq
148,1342,MAJORATION ANATOMO-CYTO-PATHOLOGIE,MAP,techniq
149,1345,MAJORATION TRANSITOIRE,MTC,techniq
150,1351,ACTE D'IMAGERIE (hors ECHOGRAPHIE) CCAM,ADI,techniq
151,1352,ACTES TECHNIQUES MEDICAUX  (hors IMAGERIE) CCAM,ATM,techniq
152,1361,VIDEOCAPSULE,VDC,techniq
153,1400,BRIDGE RAC MODERE,BR1,techniq
154,1401,PROTHESE FIXE RAC 0,PF0,techniq
155,1402,PROTHESE FIXE RAC MODERE,PF1,techniq
156,1403,REPARATION FACETTE PROTHESE AMOVIBLE RAC 0,RF0,techniq
157,1404,REPARATION ADJONCTION RAC 0,RA0,techniq
158,1405,REPARATION PROTHESE ADJOINTE SIMPLE RAC 0,RS0,techniq
159,1406,SUPPLEMENT PROTHESE RESINE RAC 0,SU0,techniq
160,1407,COURONNE TRANSITOIRE RAC MODERE,CT1,techniq
161,1408,COURONNE ZIRCONE RAC MODERE,CZ1,techniq
162,1409,INLAY CORE RAC MODERE,IC1,techniq
163,1410,INLAY ONLAY RAC MOERE,IN1,techniq
164,1411,ACTES EN SCM (ET SPA POUR LA CRPCEN),SCM/SPA,techniq
165,1412,PROTHESE AMOVIBLE RAC MODERE,PA1,techniq
166,1413,REPARATION PROTHESE RAC MODERE,RE1,techniq
167,1414,SUPPLEMENT PROTHESE METALLIQUE RAC MODERE,SU1,techniq
168,1415,PROTHESE FIXE METALLIQUE RAC 0,CM0,techniq
169,1416,COURONNE TRANSITOIRE RAC 0,CT0,techniq
170,1417,COURONNE ZIRCONE RAC 0,CZ0,techniq
171,1418,INLAY CORE RAC 0,IC0,techniq
172,1419,PROTHESE AMOVIBLE RAC 0,PA0,techniq
173,1420,PROTHESE AMOVIBLE DE TRANSITION RAC 0,PT0,techniq
174,1421,ACTES DE PROTHESE DENTAIRE PRATIQUES PAR LE MEDECIN,PRO,techniq
175,1422,TRAITEMENTS D  ORTHODONTIE PRATIQUES PAR LE MEDECIN (ET EOS POUR LA CRPCEN),ORT/EOS,orthodontie
176,1423,ACTES DE PROTHESE DENTAIRE PRATIQUES PAR LE CHIRURGIEN-DENTISTE,SPR,techniq
177,1424,TRAITEMENTS D  ORTHODONTIE PRATIQUES PAR LE CHIRURGIEN-DENTISTE (ET ETO POUR LA CRPCEN),TO/ETO,orthodontie
178,1425,COMPLEMENT AT 150% DENTAIRE,ATD,techniq
179,1426,PEC EXCEPTIONNELLE DÉPASSEMENT DENTAIRE,DDE,techniq
180,1427,PEC EXCEPTIONNELLE DEPASSEMENT DENTAIRE TP,DDT,techniq
181,1431,ACTES EN D (ET OCC POUR LA CRPCEN),D/OCC,techniq
182,1432,ACTES EN DC,DC,techniq
183,1433,ACTES EN SC (ET SCA POUR LA CRPCEN),SC/SCA,techniq
184,1434,PREVENTION BUCCO-DENTAIRE: CONSULTATION - MATER,BDC,cliniq
185,1435,PREVENTION BUCCO-DENTAIRE: RADIO DEUX CLICHES-MATER,BR2,techniq
186,1436,PREVENTION BUCCO-DENTAIRE: RADIO QUATRE CLICHES-MATER,BR4,techniq
187,1437,Majoration spécifique PDS Clinique Dentiste,MCD,cliniq
188,1438,BUCCO DENT. CONSULTATION COMPLEXE MATERNITE,BDX,cliniq
189,1439,BUCCO DENT. CONSULTATION ET RADIO PANORAMIQUE MATERNITE,BRP,cliniq
190,1451,SOINS DENTAIRES,SDE,techniq
191,1452,"PROTHESE AMOVIBLE DEFINITIVE RESINE, A partir du 01/04/2019 (en date de soins) PROTHESE AMOVIBLE RESINE TARIF LIBRE",PAR,techniq
192,1453,PROPHYLAXIE BUCCO DENTAIRE CCAM,AXI,techniq
193,1461,ACTES DIVERS PROTHESE DENTAIRE CCAM,ADP,a_exclure
194,1462,"PROTHESE FIXE METALLIQUE, A partir du 01/04/2019 (en date de soins) PROTHESE FIXE METALLIQUE TARIF LIBRE",PFM,techniq
195,1463,PROTHESE DENTAIRE FIXE ESTHETIQUE CCAM,PFE,a_exclure
196,1464,PROTHESE DENTAIRE AMOVIBLE CCAM,PDA,a_exclure
197,1465,IMPLANTOLOGIE - CCAM,IMP,techniq
198,1466,TRAITEMENT ORTHOPEDIE DENTO FACIALE CCAM,TOR,orthodontie
199,1470,ENDODONTIE,END,techniq
200,1471,"INLAY-ONLAY, A partir du 01/04/2019 (en date de soins) INLAY-ONLAY TARIF LIBRE",INO,techniq
201,1472,PARODONTOLOGIE,TDS,techniq
202,1473,"INLAY-CORE, A partir du 01/04/2019 (en date de soins) INLAY-CORE TARIF LIBRE",ICO,techniq
203,1474,"PROTHESE AMOVIBLE DEFINITIVE METALLIQUE, A partir du 01/04/2019 (en date de soins) PROTHESE AMOVIBLE METALLIQUE TARIF LIBRE",PAM,techniq
204,1475,"PROTHESE DENTAIRE PROVISOIRE, A partir du 01/04/2019 (en date de soins) COURONNE TRANSITOIRE TARIF LIBRE",PDT,techniq
205,1476,"PROTHESE FIXE CERAMIQUE, A partir du 01/04/2019 (en date de soins) PROTHESE FIXE CERAMIQUE TARIF LIBRE",PFC,techniq
206,1477,"REPARATION SUR PROTHESE, A partir du 01/04/2019 (en date de soins) REPARATION PROTHESE TARIF LIBRE",RPN,techniq
207,1511,FORFAIT D  ACCOUCHEMENT SIMPLE DES SAGES-FEMMES (FORFAIT N91),A,non_indiv_ou_pro
208,1512,FORFAIT D  ACCOUCHEMENT MULTIPLE DES SAGES-FEMMES (FORFAIT N92),AM,non_indiv_ou_pro
209,1521,MAJORATION POUR GARDE,MG,cliniq
210,1522,MAJORATION ASTREINTE,MA,cliniq
211,1523,Permanence Rémunération demi-journée Chirurgien-dentiste,PRC,non_indiv_ou_pro
212,1601,CONTRAT PRATIQUE VERSEMENT UNIQUEMENT,CPU,non_indiv_ou_pro
213,1602,FORFAIT CONTRAT DE BONNES PRATIQUES,CBP,non_indiv_ou_pro
214,1603,FORFAIT CONTRAT DE BONNES PRATIQUES CP1,CP1,non_indiv_ou_pro
215,1604,FORFAIT CONTRAT DE BONNES PRATIQUES CP2,CP2,non_indiv_ou_pro
216,1605,FORFAIT CONTRAT DE BONNES PRATIQUES CP3,CP3,non_indiv_ou_pro
217,1606,FORFAIT CONTRAT DE BONNES PRATIQUES,CPL,non_indiv_ou_pro
218,1607,FORFAIT CONTRAT DE SANTE PUBLIQUE INFIRMIER,CSI,non_indiv_ou_pro
219,1608,FORFAIT CONTRAT DE SANTE PUBLIQUE BIOLOGISTES,CSL,non_indiv_ou_pro
220,1609,CONTRAT DE BONNES PRATIQUES ZONE RURAL,CBR,non_indiv_ou_pro
221,1610,RÉMUNÉRATION CONTRAT D'ACCÈS AUX SOINS DENTAIRES,CAD,non_indiv_ou_pro
222,1611,CONTRAT DE BONNES PRATIQUES ZONE MONTAGNE,CBM,non_indiv_ou_pro
223,1612,CONTRAT DE BONNES PRATIQUES ZONE URBAINE,CBU,non_indiv_ou_pro
224,1613,CONTRAT DE BONNES PRATIQUES ZONE FRANCHE URBAINE,ZFU,non_indiv_ou_pro
225,1614,CONTRAT DE BONNES PRATIQUES TRANSPORTEURS 2006,CP6,non_indiv_ou_pro
226,1615,CONTRAT DE BONNES PRATIQUES TRANSPORTEURS 2007,CP7,non_indiv_ou_pro
227,1616,CONTRAT DE BONNES PRATIQUES TRANSPORTEURS 2008,CP8,non_indiv_ou_pro
228,1617,REDEVANCE CHEF DE CLINIQUE,RCC,non_indiv_ou_pro
229,1618,COMPLEMENT DE REMUNERATION CHEF DE CLINIQUE,CRC,non_indiv_ou_pro
230,1619,CONTRAT SANTE SOLIDARITE,CSS,non_indiv_ou_pro
231,1621,CONTRAT D'AMELIORATION DE L'ORGANISATION DES SOINS - TRANSPORTS,CAT,non_indiv_ou_pro
232,1622,CONTRAT D'AMELIORATION DE L'ORGANISATION DES SOINS - PHARMACIE/LPP,CAP,non_indiv_ou_pro
233,1623,REVERSEMENTS CONTRAT D'AMELIORATION DE L'ORGANISATION DES SOINS TRANSPORTS,RCT,non_indiv_ou_pro
234,1624,REVERSEMENTS CONTRAT D'AMELIORATION DE L'ORGANISATION DES SOINS - PHARMACIE / LPP,RCL,non_indiv_ou_pro
235,1625,PENALITES CONTRAT D'AMELIORATION DE L'ORGANISATION DES SOINS - TRANSPORT,PCT,non_indiv_ou_pro
236,1626,PENALITES CONTRAT D'AMELIORATION DE L'ORGANISATION DES SOINS - PHARMACIE / LPP,PCL,non_indiv_ou_pro
237,1627,CONTRAT INCITATIF CHIRURGIEN-DENTISTE,CIC,non_indiv_ou_pro
238,1628,DEMO. AIDE FORFAITAIRE GROUPE,ODG,non_indiv_ou_pro
239,1629,DEMO. AIDE FORFAITAIRE POLE SANTE,ODP,non_indiv_ou_pro
240,1630,DEMO. ACTIVITE GROUPE,DAG,non_indiv_ou_pro
241,1631,DEMO. ACTIVITE POLE SANTE,DOP,non_indiv_ou_pro
242,1632,SST AIDE ACTIVITE,STA,non_indiv_ou_pro
243,1633,SST FRAIS DEPLACEMENT,STD,non_indiv_ou_pro
244,1634,CONTESTATION POUR AIDE FORFAITAIRE POUR LES ADHERENTS A L'OPTION DEMOGRAPHIE DANS UN GROUPE,CDG,non_indiv_ou_pro
245,1635,CONTESTATION POUR AIDE FORFAITAIRE POUR LES ADHERENTS A L'OPTION DEMOGRAPHIE DANS UN POLE DE SANTE,CDP,non_indiv_ou_pro
246,1636,CONTESTATION POUR AIDE A L'ACTIVITE POUR LES ADHERENTS A L'OPTION DEMOGRAPHIE DANS UN GROUPE,CAG,non_indiv_ou_pro
247,1637,CONTESTATION POUR AIDE A L'ACTIVITE POUR LES ADHERENTS A L'OPTION DEMOGRAPHIE DANS UN POLE DE SANTE,CAS,non_indiv_ou_pro
248,1638,CONTESTATION POUR AIDE A L'ACTIVITE POUR LES ADHERENTS A L'OPTION SST,CTA,non_indiv_ou_pro
249,1639,CONTESTATION POUR FRAIS DE DEPLACEMENT POUR LES ADHERENTS A L'OPTION SST,CTD,non_indiv_ou_pro
250,1640,FORFAIT AIDE A L'INSTALLATION DU MEDECIN - CAIM,CIM,non_indiv_ou_pro
251,1641,MAJORATION AIDE À L'INSTALLATION DU MEDECIN - CAIM,MAI,non_indiv_ou_pro
252,1642,MAJORATION POUR EXERCICE PARTIEL EN HÔPITAL DE PROXIMITÉ - CAIM,EHP,non_indiv_ou_pro
253,1643,PAIEMENT AIDE ACTIVITE - CSTM,PAA,non_indiv_ou_pro
254,1644,MAJO REMUNERATION ARS - CSTM,MAM,non_indiv_ou_pro
255,1645,PAIEMENT PRISE EN CHARGE FRAIS DEPLACEMENT - CSTM,DEP,non_indiv_ou_pro
256,1646,AIDE FORFAITAIRE - COSCOM,AIF,non_indiv_ou_pro
257,1647,REMUNERATION COMPLEMENTAIRE ACCUEIL DE STAGIAIRE - COSCOM,RMS,non_indiv_ou_pro
258,1648,REMUNERATION COMPLEMENTAIRE EXERCICE EN HOPITAL - COSCOM,RHP,non_indiv_ou_pro
259,1649,PAIEMENT MAJORATION DE LA REMUNERATION ARS - COSCOM,MAO,non_indiv_ou_pro
260,1650,AIDE A L'ACTIVITE   COTRAM,CAA,non_indiv_ou_pro
261,1651,PAIEMENT MAJORATION REMUNERATION ARS   COTRAM,MRA,non_indiv_ou_pro
262,1652,PTMR  -  REMPLACEMENT,RFC,non_indiv_ou_pro
263,1653,"PTMR  - MALADIE, MATERNITE, PATERNITE",RCR,non_indiv_ou_pro
264,1701,CDS  MEDICAL OPTANT FORF DEBUT,CMD,non_indiv_ou_pro
265,1702,CDS MEDICAL OPTANT FORF FIN,CMF,non_indiv_ou_pro
266,1703,CDS MEDICAL OPTANT FORFTACITE,CMT,non_indiv_ou_pro
267,1704,CDS DENTAIRE OPTANT FORF INITIAL,CDI,non_indiv_ou_pro
268,1705,CDS DENTAIRE OPTANT FORF SUIVI,CDS,non_indiv_ou_pro
269,1706,CDS DENTAIRE OPTANT FORF FINAL,CDF,non_indiv_ou_pro
270,1707,CDS INFIRMIER OPTANT FORF DEBUT,CID,non_indiv_ou_pro
271,1708,CDS INFIRMIER OPTANT FORF FIN,CIF,non_indiv_ou_pro
272,1711,FORFAIT MEDECIN REFERENT DEBUT DE CONTRAT,MRD,non_indiv_ou_pro
273,1712,FORFAIT MEDECIN REFERENT FIN DE CONTRAT,MRF,non_indiv_ou_pro
274,1715,FORFAIT MENSUEL COORDONNATEUR,FMC,non_indiv_ou_pro
275,1716,FORFAIT MENSUEL PARTICIPATION,FMP,non_indiv_ou_pro
276,1717,FORFAIT MENS  UEL SOINS,FMS,non_indiv_ou_pro
277,1718,FORFAIT D'ADHESION ZONE DEFICITAIRE,FAZ,non_indiv_ou_pro
278,1721,FORFAIT PROFESSIONNEL (F01) FILIERES ET RESEAUX,F01,non_indiv_ou_pro
279,1722,FORFAIT PROFESSIONNEL (F02) FILIERES ET RESEAUX,F02,non_indiv_ou_pro
280,1723,FORFAIT PROFESSIONNEL (F03) FILIERES ET RESEAUX,F03,non_indiv_ou_pro
281,1724,FORFAIT PROFESSIONNEL (F04) FILIERES ET RESEAUX,F04,non_indiv_ou_pro
282,1725,FORFAIT PROFESSIONNEL (F05) FILIERES ET RESEAUX,F05,non_indiv_ou_pro
283,1726,FORFAIT PROFESSIONNEL (F06) FILIERES ET RESEAUX,F06,non_indiv_ou_pro
284,1727,FORFAIT PROFESSIONNEL (F07) FILIERES ET RESEAUX,F07,non_indiv_ou_pro
285,1728,FORFAIT PROFESSIONNEL (F08) FILIERES ET RESEAUX,F08,non_indiv_ou_pro
286,1729,FORFAIT PROFESSIONNEL (F09) FILIERES ET RESEAUX,F09,non_indiv_ou_pro
287,1731,FORFAIT PROFESSIONNEL (F10) FILIERES ET RESEAUX,F10,non_indiv_ou_pro
288,1732,FORFAIT PROFESSIONNEL (F11) FILIERES ET RESEAUX,F11,non_indiv_ou_pro
289,1733,FORFAIT PROFESSIONNEL (F12) FILIERES ET RESEAUX,F12,non_indiv_ou_pro
290,1734,FORFAIT PROFESSIONNEL (F13) FILIERES ET RESEAUX,F13,non_indiv_ou_pro
291,1735,FORFAIT PROFESSIONNEL (F14) FILIERES ET RESEAUX,F14,non_indiv_ou_pro
292,1736,FORFAIT PROFESSIONNEL (F15) FILIERES ET RESEAUX,F15,non_indiv_ou_pro
293,1741,FORFAIT CONSULTATION (FC0) FILIERES ET RESEAUX,FC0,non_indiv_ou_pro
294,1742,FORFAIT CONSULTATION (FC1) FILIERES ET RESEAUX,FC1,non_indiv_ou_pro
295,1743,FORFAIT CONSULTATION (FC2) FILIERES ET RESEAUX,FC2,non_indiv_ou_pro
296,1744,FORFAIT CONSULTATION (FC3) FILIERES ET RESEAUX,FC3,non_indiv_ou_pro
297,1745,FORFAIT CONSULTATION (FC4) FILIERES ET RESEAUX,FC4,non_indiv_ou_pro
298,1746,FORFAIT CONSULTATION (FC5) FILIERES ET RESEAUX,FC5,non_indiv_ou_pro
299,1747,FORFAIT CONSULTATION (FC6) FILIERES ET RESEAUX,FC6,non_indiv_ou_pro
300,1748,FORFAIT CONSULTATION (FC7) FILIERES ET RESEAUX,FC7,non_indiv_ou_pro
301,1749,FORFAIT CONSULTATION (FC8) FILIERES ET RESEAUX,FC8,non_indiv_ou_pro
302,1751,FORFAIT CONSULTATION (FC9) FILIERES ET RESEAUX,FC9,non_indiv_ou_pro
303,1761,FORFAIT FORMATION (FF0) FILIERES ET RESEAUX,FF0,non_indiv_ou_pro
304,1762,FORFAIT FORMATION (FF1) FILIERES ET RESEAUX,FF1,non_indiv_ou_pro
305,1763,FORFAIT FORMATION (FF2) FILIERES ET RESEAUX,FF2,non_indiv_ou_pro
306,1764,FORFAIT FORMATION (FF3) FILIERES ET RESEAUX,FF3,non_indiv_ou_pro
307,1765,FORFAIT FORMATION (FF4) FILIERES ET RESEAUX,FF4,non_indiv_ou_pro
308,1766,FORFAIT FORMATION (FF5) FILIERES ET RESEAUX,FF5,non_indiv_ou_pro
309,1767,FORFAIT FORMATION (FF6) FILIERES ET RESEAUX,FF6,non_indiv_ou_pro
310,1768,FORFAIT FORMATION (FF7) FILIERES ET RESEAUX,FF7,non_indiv_ou_pro
311,1769,FORFAIT FORMATION (FF8) FILIERES ET RESEAUX,FF8,non_indiv_ou_pro
312,1771,FORFAIT FORMATION (FF9) FILIERES ET RESEAUX,FF9,non_indiv_ou_pro
313,1781,FORFAIT PREVENTION/DEPISTAGE (FP0) FILIERES ET RESEAUX,FP0,non_indiv_ou_pro
314,1782,FORFAIT PREVENTION/DEPISTAGE (FP1) FILIERES ET RESEAUX,FP1,non_indiv_ou_pro
315,1783,FORFAIT PREVENTION/DEPISTAGE (FP2) FILIERES ET RESEAUX,FP2,non_indiv_ou_pro
316,1784,FORFAIT PREVENTION/DEPISTAGE (FP3) FILIERES ET RESEAUX,FP3,non_indiv_ou_pro
317,1785,FORFAIT PREVENTION/DEPISTAGE (FP4) FILIERES ET RESEAUX,FP4,non_indiv_ou_pro
318,1786,FORFAIT PREVENTION/DEPISTAGE (FP5) FILIERES ET RESEAUX,FP5,non_indiv_ou_pro
319,1787,FORFAIT PREVENTION/DEPISTAGE (FP6) FILIERES ET RESEAUX,FP6,non_indiv_ou_pro
320,1788,FORFAIT PREVENTION/DEPISTAGE (FP7) FILIERES ET RESEAUX,FP7,non_indiv_ou_pro
321,1789,FORFAIT PREVENTION/DEPISTAGE (FP8) FILIERES ET RESEAUX,FP8,non_indiv_ou_pro
322,1791,FORFAIT PREVENTION/DEPISTAGE (FP9) FILIERES ET RESEAUX,FP9,non_indiv_ou_pro
323,1811,IK PLAINE,IK IKP,cliniq
324,1812,IK MONTAGNE,IKM,cliniq
325,1813,IK PIED SKI,IKS,cliniq
326,1814,FRAIS DE DEPLACEMENT VACATION,IKG,cliniq
327,1821,"ID PARIS LYON MARSEILLE, +100.000 HA, -100.000 HA",ID,cliniq
328,1841,INDEMNITES FORFAITAIRES DE DEPLACEMENT,IF,cliniq
329,1842,INDEMNITES FORFAITAIRES DE DEPLACEMENT DES AUXILIAIRES MEDICAUX ET ASSIMILES,IFA,cliniq
330,1843,INDEMNITES FORFAITAIRES DE DEPLACEMENT MK ORTHOPEDIQUE ET RHUMATOLOGIQUE,IFO,cliniq
331,1844,INDEMNITES FORFAITAIRES DE DEPLACEMENT MK RHUMATISMALE,IFR,cliniq
332,1845,INDEMNITES FORFAITAIRES DE DEPLACEMENT MK NEUROLOGIQUE,IFN,cliniq
333,1846,INDEMNITES FORFAITAIRES DE DEPLACEMENT MK PNEUMOLOGIE,IFP,cliniq
334,1847,INDEMNITES FORFAITAIRES DE DEPLACEMENT DE SORTIE,IFS,cliniq
335,1848,INDEMNITES FORFAITAIRES DEPLACEMENT INFIRMIERS,IFI,cliniq
336,1849,INDEMNITE FORFAITAIRE DEPLACEMENT MK PERS. AGEE,IFV,cliniq
337,1901,MAJORATION PERSONNES AGEES EN ETABLISSEMENT,MOP,cliniq
338,1903,MAJORATION ENFANT GENERALISTE,MEG,cliniq
339,1904,MAJORATION ENFANT PEDIATRE,MEP,cliniq
340,1905,NOUVEAU FORFAIT ENFANT,NFE,cliniq
341,1906,NOUVEAU FORFAIT PEDIATRIQUE,NFP,cliniq
342,1907,REMUNERATION DES SOINS DE PROXIMITE,PRX,non_indiv_ou_pro
343,1908,FORFAIT SORTIE PRECOCE ET TEST GUTHRIE,SP2,non_indiv_ou_pro
344,1909,FORFAIT SORTIE PRECOCE,SP1,non_indiv_ou_pro
345,1910,Plan personnalisé de santé,PPS,non_indiv_ou_pro
346,1911,ACTES DES SAGES-FEMMES,SF,techniq
347,1912,HONORAIRES NON VENTILABLES INDIVIDUALISES,,cliniq
348,1913,MAJORATION MILIEU DE NUIT,MM,cliniq
349,1914,FORFAIT PEDIATRIQUE,FPE,cliniq
350,1915,FORFAIT ASTREINTE PROF,ASR,non_indiv_ou_pro
351,1916,REMUNERATION POUR GARDE ETS PRIVES,RPG,non_indiv_ou_pro
352,1917,REMUNERATION POUR ASTREINTE ETS PRIVES,RPA,non_indiv_ou_pro
353,1918,MAJORATION D'URGENCE,MU,cliniq
354,1919,DEPENSES DE MEDECINE FORFAITAIRE (OMNIPRATICIENS ET AUXILIAIRES MEDICAUX),,non_indiv_ou_pro
355,1920,CONTRAT DEMOGRAPHIQUE SAGE-FEMME,CIS,non_indiv_ou_pro
356,1921,TEST DE DIAGNOSTIC RAPIDE,TDR,prevention
357,1922,CONSULTATION,CG,cliniq
358,1923,EXAMEN DE SUIVI POST NATAL,SP,techniq
359,1924,REMUNERATION VACCINATION GRIPPE A MEDECIN,VGM,non_indiv_ou_pro
360,1925,REMUNERATION VACCINATION GRIPPE A PAR MEDECIN RETRAITE ET SALARIES HORS OBLIGATIONS,VMR,non_indiv_ou_pro
361,1926,ACTE DE VACCINATION GRIPPE A/H1N1,VAC,techniq
362,1927,REMUNERATION CPTS,CPT,a_exclure
363,1931,MAJORATION NOURRISSON PEDIATRE,MNP,cliniq
364,1932,MAJORATION NOURRISSON GENERALISTE,MNO,cliniq
365,1933,MAJORATION CONSULTATION REGULEE  DE NUIT,CRN,cliniq
366,1934,MAJORATION CONSULTATION REGULEE MILIEU DE NUIT,CRM,cliniq
367,1935,"MAJORATION CONSULTATION REGULEE DIMANCHE, JOURS FERIES ET ASSIMILES",CRD,cliniq
368,1936,MAJORATION VISITE REGULEE  DE NUIT,VRN,cliniq
369,1937,MAJORATION VISITE REGULEE MILIEU DE NUIT,VRM,cliniq
370,1938,"MAJORATION VISITE REGULEE DE DIMANCHE, JOURS FERIES ET ASSIMILES",VRD,cliniq
371,1939,MAJORATION SAGE-FEMME,MSF,cliniq
372,1940,FORFAIT SORTIE PRECOCE,DSP,cliniq
373,1941,MAJORATION CONSULTATION REGULEE SAMEDI APRES MIDI,CRS,cliniq
374,1942,MAJORATION VISITE REGULEE SAMEDI APRES MIDI,VRS,cliniq
375,1943,MAJORATION URGENCE MT,MUT,cliniq
376,1944,MAJORATION CORRESPONDANT URGENCE,MCU,cliniq
377,1945,MAJORATION MEDECIN TRAITANT REGULATION,MRT,cliniq
378,1951,PARTICIPATION FORFAITAIRE HORS TIERS PAYANT,PFH,a_exclure
379,1952,PARTICIPATION FORFAITAIRE TIERS PAYANT,PFT,a_exclure
380,1954,PARTICIPATION ASSURE CONSULTATIONS ET SOINS EXTERNES (C2S + AME),PAE,etab_priv
381,1955,PARTICIPATION ASSURE CONSULTATIONS ET SOINS EXTERNES (REGIME LOCAL),PAL,etab_priv
382,1956,PARTICIPATION ASSURE EN AMBULATOIRE,PAP,etab_priv
383,1957,MAJORATION HORS PARCOURS DE SOINS,TMT,a_exclure
384,1960,SUPPLEMENT DEROGATOIRE SG SUR ACTE PROFESSIONNEL NON REMBOURSABLE (CNMSS),SGA,a_exclure
385,1961,SUPPLEMENT DEROGATOIRE SG SUR ACTE PROFESSIONNEL REMBOURSABLE (CNMSS),DAP,a_exclure
386,1971,FRANCHISE HORS TIERS PAYANT SUR MEDICAMENT,FRH,pharma
387,1972,FRANCHISE TIERS PAYANT SUR MEDICAMENT,FRT,pharma
388,1973,FRANCHISE HORS TIERS PAYANT SUR TRANSPORT,FRH,transport
389,1974,FRANCHISE TIERS PAYANT SUR TRANSPORT,FRT,transport
390,1975,FRANCHISE HORS TIERS PAYANT ACTE D'AUXILIAIRE MEDICAUX,FRH,cliniq
391,1976,FRANCHISE TIERS PAYANT ACTE D'AUXILIAIRE MEDICAUX,FRT,cliniq
392,1977,PARTICIPATION ASSURE HORS TIERS PAYANT TRANSMISE SANS ACTE DE REFERENCE OU TYPE DE FRANCHISES,FRH,cliniq
393,1978,PARTICIPATION ASSURE EN TIERS PAYANT TRANSMISE SANS ACTE DE REFERENCE OU TYPE DE FRANCHISES,FRT,cliniq
394,1981,FORFAIT IVG HONORAIRES DE VILLE,FHV,techniq
395,1990,FORFAIT D'INTERVENTION PAR SORTIE SUR DEMANDE DE LA REGULATION,FIM,non_indiv_ou_pro
396,1991,REMUNERATION REGULATION,REG,non_indiv_ou_pro
397,1992,PERMANENCE REMUNERATION DE NUIT,PRN,non_indiv_ou_pro
398,1993,PERMANENCE REMUNERATION MILIEU DE NUIT,PRM,non_indiv_ou_pro
399,1994,PERMANENCE REMUNERATION DIMANCHE ET FERIE,PRD,non_indiv_ou_pro
400,1995,PERMANENCE REMUNERATION TOTAL,PRT,non_indiv_ou_pro
401,1996,PERMANENCE REMUNERATION SAMEDI MATIN,RSA,non_indiv_ou_pro
402,1997,PERMANENCE REMUNERATION SAMEDI APRES MIDI,RSP,non_indiv_ou_pro
403,1998,ASTREINTE DE JOUR CORRESPONDANT SAMU,AJS,non_indiv_ou_pro
404,1999,ASTREINTE DE NUIT CORRESPONDANT SAMU,ANS,non_indiv_ou_pro
405,2102,PROTOCOLE FRANCO ALGERIEN,PFA,a_exclure
406,2103,SUPPLEMENT TRANSPORT PERMISSION THERAPEUTIQUE (PSY/SSR),ST3,transport
407,2104,SUPPLEMENT TRANSPORT PROVISOIRE (PSY/SSR),ST2,transport
408,2105,SUPPLEMENT TRANSPORT DEFINITIF (PSY/SSR),ST1,transport
409,2106,TRANSPORT DEFINITIF DIALYSE,TDD,transport
410,2107,TRANSPORT SEANCE DIALYSE,TSD,transport
411,2108,SUPPLEMENT TRANSPORT 2,TDE,transport
412,2109,SUPPLEMENT TRANSPORT SEANCES,TSE,transport
413,2111,FRAIS D HEBERGEMENT ET ENVIRONNEMENT EN GHS,GHS,etab_priv
414,2112,FRAIS DE SEJOUR SUPPLEMENTAIRE AU GHS,EXH,etab_priv
415,2113,GROUPE HOMOGENE DE TARIFS,GHT,etab_priv
416,2114,SUPPLEMENT SOINS PARTICULIEREMENT COUTEUX (ARRETE DU 29/06/1978),SRA,Supplement_hospit
417,2115,SUPPLEMENT SOINS CONTINUS,SSC,Supplement_hospit
418,2116,SUPPLEMENT NEONATOLOGIE 1,NN1,Supplement_hospit
419,2117,SUPPLEMENT NEONATOLOGIE 2,NN2,Supplement_hospit
420,2118,SUPPLEMENT NEONATOLOGIE 3,NN3,Supplement_hospit
421,2119,SUPPLEMENT DEFIBRILLATEUR,SDC,autre_forfait
422,2120,DIFFERENTIEL TARIFAIRE CLINIQUE,DTC,non_indiv_ou_pro
423,2121,HEMODIALYSE EN CENTRE OU EN UNITE DE DIALYSE MEDICALISEE,D01,forfait_dialyse
424,2122,AUTODIALYSE SIMPLE OU ASSISTEE,D02,forfait_dialyse
425,2123,ENTRAINEMENT A L HEMODIALYSE A DOMICILE ET A L AUTODIALYSE,D03,forfait_dialyse
426,2124,ENTRAINEMENT A LA DPA,D04,forfait_dialyse
427,2125,ENTRAINEMENT A LA DPCA,D05,forfait_dialyse
428,2126,HEMODIALYSE A DOMICILE,D06,forfait_dialyse
429,2127,DIALYSE PERITONEALE AUTOMATISEE (DPA),D07,forfait_dialyse
430,2128,DIALYSE PERITONEALE CONTINUE AMBULATOIRE (DPCA),D08,forfait_dialyse
431,2129,FORFAIT D'HEMODIALYSE EN CENTRE,D09,forfait_dialyse
432,2131,FORFAIT D HEMODIALYSE EN CENTRE POUR ENFANT,D10,forfait_dialyse
433,2132,FORFAIT D HEMODIALYSE EN UNITE DE DIALYSE MEDICALISEE,D11,forfait_dialyse
434,2133,DIALYSE TIERCE PERSONNE,DTP,forfait_dialyse
435,2134,FORFAIT D AUTODIALYSE SIMPLE,D12,forfait_dialyse
436,2135,FORFAIT D AUTODIALYSE ASSISTEE,D13,forfait_dialyse
437,2136,FORFAIT D HEMODIALYSE A DOMICILE,D14,forfait_dialyse
438,2137,FORFAIT DE DIALYSE PERITONEALE AUTOMATISEE (DPA),D15,forfait_dialyse
439,2138,FORFAIT DE DIALYSE PERITONEALE CONTINUE AMBULATOIRE (DPCA),D16,forfait_dialyse
440,2139,FORFAIT D ENTRAINEMENT A L HEMODIALYSE A  DOMICILE ET AUTODIALYSE,D17,forfait_dialyse
441,2140,FORFAIT D ENTRAINEMENT A LA DIALYSE PERITONEALE AUTOMATISEE,D18,forfait_dialyse
442,2141,FRAIS DE CHAMBRE PARTICULIERE POUR CONVENANCE PERSONNELLE,CPC,a_exclure
443,2142,FORFAIT D ENTRAINEMENT A DIALYSE PERITONEALE CONTINUE AMBULATOIRE,D19,forfait_dialyse
444,2143,FF D ENTRAINEMENT A LA DIALYSE PERITONEALE AUTOMATISEE A DOMICILE,D20,forfait_dialyse
445,2144,FF D ENTRAINEMENT A LA DIALYSE PERITONEALE CONTINUE AMBULATOIRE A DOMICILE,D21,forfait_dialyse
446,2145,FORFAIT DE DIALYSE PERITONEALE AUTOMATISE POUR HOSPITALISATION DE 3 A 6 JOURS,D22,forfait_dialyse
447,2146,FORFAIT DE DIALYSE PERITONEALE CONTINUE AMBULATOIRE POUR HOSPITALISATION DE 3 A 6 JOURS,D23,forfait_dialyse
448,2147,FORFAIT D'ENTRAINEMENT A L'HEMODIALYSE EN UNITE DE DIALYSE MEDICALISEE,D24,forfait_dialyse
449,2150,VIDEOCAPSULE,VDE,etab_priv
450,2151,SUPPLEMENT REANIMATION,REA,Supplement_hospit
451,2152,SUPPLEMENT SURVEILLANCE CONTINUE,SRC,Supplement_hospit
452,2153,FORFAIT SOINS INTENSIFS,STF,Supplement_hospit
453,2154,REANIMATION PEDIATRIQUE,REP,Supplement_hospit
454,2155,FORFAIT ENVIRONNEMENT HOSPITALIER 1,SE1,etab_priv
455,2156,FORFAIT ENVIRONNEMENT HOSPITALIER 2,SE2,etab_priv
456,2157,FORFAIT ENVIRONNEMENT HOSPITALIER 3,SE3,etab_priv
457,2158,FORFAIT ENVIRONNEMENT HOSPITALIER 4,SE4,etab_priv
458,2159,FORFAIT DE SECURITE DERMATOLOGIQUE,FSD,etab_priv
459,2160,MISSION D'INTERET GENERAL SSR,MGS,non_indiv_ou_pro
460,2161,FORFAIT MISSION D INTERET GENERAL D AIDE A LA CONTRACTUALISATION,MGC,non_indiv_ou_pro
461,2162,FORFAIT HAUTE TECHNICITE,FHT,non_indiv_ou_pro
462,2163,SUPPLEMENT JOURNALIER DIALYSE PERITONEALE,DIP,forfait_dialyse
463,2164,ADMINISTRATION DE PRODUITS ET PRESTATIONS EN ENVIRONNEMENT HOSPITALIER,APE,etab_priv
464,2165,FORFAIT PRESTATION INTERMEDIAIRE,FPI,etab_priv
465,2166,ADMINISTRATION DE MEDICAMENTS EN ENVIRONNEMENT HOSPITALIER,AP2,etab_priv
466,2167,FORFAIT ENVIRONNEMENT HOSPITALIER 5,SE5,etab_priv
467,2168,FORFAIT ENVIRONNEMENT HOSPITALIER 6,SE6,etab_priv
468,2170,FIR ETS PRIVES,FIP,etab_priv
469,2171,DIFFERENTIEL TARIFAIRE AME,DTA,etab_priv
470,2172,DIFFERENTIEL TARIFAIRE MIGRANTS,DTM,etab_priv
471,2173,DIFFERENTIEL PSY REGLEMENTAIRE,DPC,etab_priv
472,2174,DIFFERENTIEL PSY AME,DPA,etab_priv
473,2175,DIFFERENTIEL PSY MIGRANTS,DPM,etab_priv
474,2176,DIFFERENTIEL SSR REGLEMENTAIRE,DSC,etab_priv
475,2177,DIFFERENTIEL SSR AME,DSA,etab_priv
476,2178,DIFFERENTIEL SSR MIGRANTS,DSM,etab_priv
477,2181,PRELEVEMENT D ORGANE 1,PO1,etab_priv
478,2182,PRELEVEMENT D ORGANE 2,PO2,etab_priv
479,2183,PRELEVEMENT D ORGANE 3,PO3,etab_priv
480,2184,COORDINATION PRELEVEMENT D ORGANES,CPO,etab_priv
481,2185,PRELEVEMENT D ORGANE 4,PO4,etab_priv
482,2186,PRELEVEMENT D'ORGANE 5,PO5,etab_priv
483,2187,PRELEVEMENT D'ORGANE 6,PO6,etab_priv
484,2188,PRELEVEMENT D'ORGANE 7,PO7,etab_priv
485,2189,PRELEVEMENT D'ORGANE 8,PO8,etab_priv
486,2190,PRELEVEMENT D'ORGANE 9,PO9,etab_priv
487,2191,PRELEVEMENT D'ORGANE,POA,etab_priv
488,2195,SUPPLEMENT ANTEPARTUM,ANT,Supplement_hospit
489,2196,SUPPLEMENT RADIOTHERAPIE PEDIATRIQUE,RAP,Supplement_hospit
490,2201,BUDGET GLOBAL,,non_indiv_ou_pro
491,2202,MEDICALISATION DES PERSONNES AGEES,,etab_medicaux_sociaux
492,2203,SSAD : SERVICE DE SOINS A DOMICILE,,etab_medicaux_sociaux
493,2204,CAMSP: CENTRE ACTION MEDICO-SOCIALE PRECOCE,,etab_medicaux_sociaux
494,2205,CCAA : CENTRE DE CURE AMBULATOIRE EN ALCOOLOGIE,,etab_medicaux_sociaux
495,2206,VIH,VIH,etab_priv
496,2207,REORIENTATION URGENCE 2 MILIEU NUIT,R2M,etab_priv
497,2208,REORIENTATION URGENCE 1 MILIEU NUIT,R1M,etab_priv
498,2209,FORFAIT CONSULTATION URGENCE HOPITAL MILIEU NUIT,FHM,etab_priv
499,2210,FORFAIT CONSULTATION URGENCE HOPITAL NUIT,FHN,etab_priv
500,2211,FRAIS DE SEJOUR,PJ,etab_priv
501,2212,MAJORATION PMSI,PMS,non_indiv_ou_pro
502,2213,FRAIS DE SEJOUR IME,PJE,etab_priv
503,2214,SUPPLEMENT DEROGATOIRE SG SUR PRESTATION SEJOUR NON REMBOURSABLE (CNMSS),SGJ,etab_priv
504,2215,SUPPLEMENT DEROGATOIRE SG SUR PRESTATION SEJOUR REMBOURSABLE (CNMSS),DSJ,etab_priv
505,2216,FORFAIT CONSULTATION URGENCE PRIVE,FCP,etab_priv
506,2217,FORFAIT CONSULTATION URGENCE HOPITAL,FCH,etab_priv
507,2218,REORIENTATION URGENCE 1,RU1,etab_priv
508,2219,REORIENTATION URGENCE 2,RU2,etab_priv
509,2220,FORFAIT CONSULTATION URGENCE HOPITAL FERIE,FHF,etab_priv
510,2221,SUPPLEMENT CHAMBRE PARTICULIERE,SHO,etab_priv
511,2222,SUPPLEMENT POUR SURVEILLANCE DU MALADE,SSM,autre_forfait
512,2223,FRAIS D  HOSPITALISATION DU NOUVEAU-NE DONNANT LIEU A FACTURATION EN SUPPLEMENT DE L  HOSPITALISATION DE LA MERE EN MAISON DE REPOS,HNN,etab_priv
513,2224,SUPPLEMENT POUR  CHAMBRE CHAUDE,SCH,etab_priv
514,2225,SUPPLEMENT POUR INCUBATEUR,SIN,etab_priv
515,2226,SUPPLEMENT POUR CHAMBRE PLOMBEE,SPB,etab_priv
516,2227,SUPPLEMENT POUR ALIMENTATION PARENTERALE,SAP,etab_priv
517,2228,REORIENTATION URGENCE 1 NUIT,R1N,etab_priv
518,2229,FORFAIT PRISE EN CHARGE DU NOUVEAU NE,FNN,etab_priv
519,2230,PRIX DE JOURNEE REGIME LOCAL,PJL,etab_priv
520,2231,FORFAIT PHARMACEUTIQUE,PHJ,pharma
521,2232,FORFAIT TRANSPLANTATION D  ORGANE,FTO,autre_forfait
522,2233,REORIENTATION URGENCE 2 NUIT,R2N,etab_priv
523,2234,FORFAIT D  ENTREE,ENT,autre_forfait
524,2235,FORFAIT D  ACTIVITE NON PROGRAMMEE,ANP,autre_forfait
525,2236,FORFAIT CONSOMMABLE CARDIOLOGIE,FCO,autre_forfait
526,2237,PART COMPLEMENTAIRE AIDE MEDICALE ETAT,PJC,etab_priv
527,2238,FORFAIT D ACCUEIL ET DE TRAITEMENT DES URGENCES,ATU,etab_priv
528,2239,FORFAIT ANNUEL D URGENCE,FAU,etab_priv
529,2240,TARIF JOURNALIER COMPLEMENTAIRE,TJC,etab_priv
530,2241,FRAIS DE SALLE D  OPERATION,FSO,etab_priv
531,2242,FRAIS D  ANESTHESIE ET REANIMATION,ARE,etab_priv
532,2243,FRAIS D  ENVIRONNEMENT,FE,etab_priv
533,2244,Forfait Innovation ARGUS II,I02,etab_priv
534,2245,FRAIS DE SALLE D  ACCOUCHEMENT,FST,etab_priv
535,2246,FRAIS DE SALLE D  ACCOUCHEMENT MULTIPLE,FSG,etab_priv
536,2247,FORFAIT PSYCHIATRIE  DE SECURITE - HOSPITALISATION AVEC HEBERGEMENT,FSY,etab_priv
537,2248,Forfait Innovation HIFU,I01,etab_priv
538,2249,FORFAIT ACTIVITE ISOLE,FAI,etab_priv
539,2250,FORFAIT JOURNALIER AIDE MEDICALE,FJC,etab_priv
540,2251,FORFAIT JOURNALIER,FJ,etab_priv
541,2252,FORFAIT JOURNALIER DE SORTIE,FJA,etab_priv
542,2257,FJ TRANSPLANTATION ORGANES,FJO,etab_priv
543,2258,FORFAIT DE SOINS JOURNALIER,FSJ,etab_priv
544,2259,SAISIE MANUELLE DES SEJOURS POUR LEQUELS LE FJ EST SUPERIEUR AU TM,,etab_priv
545,2260,FORFAIT HOPITAL PROXIMITE COMPLEMENTAIRE,HPC,etab_priv
546,2261,FORFAIT ACCUEIL DU PATIENT N 1,FA1,etab_priv
547,2262,FORFAIT ACCUEIL DU PATIENT N 2,FA2,etab_priv
548,2263,FORFAIT IFAQ,IFQ,non_indiv_ou_pro
549,2264,FORFAIT IFAQ SSR,IFZ,non_indiv_ou_pro
550,2265,DOTATION MODULEE A L'ACTIVITE,DMA,non_indiv_ou_pro
551,2266,FORFAIT INNOVATION ECHOPULSE,I03,etab_priv
552,2267,FORFAIT INNOVATION METAGLUT1,I04,etab_priv
553,2268,FORFAIT INNOVATION RETINA,I05,etab_priv
554,2269,FORFAIT PATHOLOGIE CHRONIQUE 1,PC1,etab_priv
555,2270,FORFAIT PATHOLOGIE CHRONIQUE 2,PC2,etab_priv
556,2271,FORFAIT HPT GROUPE 1,AS1,etab_priv
557,2272,FORFAIT HPT GROUPE 1.2,AS2,etab_priv
558,2273,FORFAIT HPT 15 %,AS3,etab_priv
559,2274,FORFAIT HPT GROUPE 2 + FAS1,AS4,etab_priv
560,2275,FORFAIT HPT GROUPE 2 + FAS2,AS5,etab_priv
561,2276,FORFAIT INNOVATION WISE CRT,I07,etab_priv
562,2277,REORIENTATION URGENCE 1 FERIE,R1F,etab_priv
563,2278,REORIENTATION URGENCE 2 FERIE,R2F,etab_priv
564,2279,FORFAIT INNOVATION DNERVA,I08,etab_priv
565,2280,FORFAIT IFAQ PSY,IFY,etab_priv
566,2282,PARTICIPATION ASSURE TRANSITOIRE,PAT,etab_priv
567,2283,PARTICIPATION ASSURE HOSPITALISATION PUBLIQUE (C2S + AME),PAH,etab_priv
568,2284,PARTICIPATION ASSURE HOSPITALISATION PUBLIQUE (REGIME LOCAL),PAJ,etab_priv
569,2285,PARTICIPATION ASSURE SUR SEJOUR,PAS,etab_priv
570,2315, APPAREILLAGE VENTILATION PRESSION POSITIVE CONTINUE,PPC,autre_forfait
571,2321,FORFAIT - LONG SEJOUR PERSONNES AGEES,FPA/FS,autre_forfait
572,2331,RADIUMTHERAPIE ET CHIMIOTHERAPIE,SNS,autre_forfait
573,2332,READAPTATION FONCTIONNELLE,RF/SNS,autre_forfait
574,2333,REEDUCATION PROFESSIONNELLE,RP/FS,autre_forfait
575,2334,SEANCE D  HEMODIALYSE,FSE/SNS,forfait_dialyse
576,2335,FORFAIT DE PANSEMENT,FP,techniq
577,2336,FORFAIT POUR CONSULTATION EN CENTRE MEDICO-PSYCHO PEDAGOGIQUE,SNS,autre_forfait
578,2337,SEANCE DE DIAGNOSTIC,SD,autre_forfait
579,2338,FORFAIT PETIT MATERIEL,FFM,etab_priv
580,2339,AUTRES FORFAITS DIVERS (Y COMPRIS NUTRITION ENTERALE A DOMICILE),FS/SNS,autre_forfait
581,2341,SUPPLEMENT AU FORFAIT CHIMIOTHERAPIE,SFC,autre_forfait
582,2342,FORFAIT POUR GARDE DE DEBUT DE NUIT EN ETABLIS. PRIVE,RGD,non_indiv_ou_pro
583,2343,FORFAIT POUR GARDE DE NUIT OU SAMEDI APRES MIDI EN ETABLIS. PRIVE,RGN,non_indiv_ou_pro
584,2344,FORFAIT DE GARDE NUIT ET FERIE EN ETABLIS. PRIVE,FPG,non_indiv_ou_pro
585,2345,FORFAIT POUR ASTREINTE DE DEBUT DE NUIT EN ETABLIS. PRIVE,RAN,non_indiv_ou_pro
586,2346,FORFAIT POUR ASTREINTE DE NUIT OU SAMEDI APRES MIDI EN ETABLIS. PRIVE,RAG,non_indiv_ou_pro
587,2347,FORFAIT D'ASTREINTE NUIT ET FERIE EN ETABLIS. PRIVE,FPA,non_indiv_ou_pro
588,2351,FORFAIT TECHNIQUE NORMAL IRMN -SCANNERS,FTN,forfait_techniq
589,2352,FORFAIT TECHNIQUE REDUIT IRMN -SCANNERS,FTR,forfait_techniq
590,2353,FORFAIT TECHNIQUE SCANNER (SPP expo amiante),FTS,forfait_techniq
591,2354,FORFAIT TECHNIQUE TOMOGRAPHIE,FTG,forfait_techniq
592,2355,FORFAIT CONCOMMABLE MEDECINE NUCLEAIRE 01,N01,autre_forfait
593,2356,FORFAIT CONSOMMABLE MEDECINE NUCLEAIRE 02,N02,autre_forfait
594,2357,FORFAIT CONSOMMABLE MEDECINE NUCLEAIRE 03,N03,autre_forfait
595,2358,FORFAIT CONSOMMABLE MEDECINE NUCLEAIRE 04,N04,autre_forfait
596,2359,FORFAIT CONSOMMABLE MEDECINE NUCLEAIRE 05,N05,autre_forfait
597,2360,FORFAIT CONSOMMABLE MEDECINE NUCLEAIRE 06,N06,autre_forfait
598,2361,FORFAIT CONSOMMABLE MEDECINE NUCLEAIRE 07,N07,autre_forfait
599,2362,FORFAIT CONSOMMABLE MEDECINE NUCLEAIRE 08,N08,autre_forfait
600,2363,FORFAIT CONSOMMABLE MEDECINE NUCLEAIRE 09,N09,autre_forfait
601,2364,FORFAIT CONSOMMABLE MEDECINE NUCLEAIRE 10,N10,autre_forfait
602,2365,FORFAIT CONSOMMABLE MEDECINE NUCLEAIRE 11,N11,autre_forfait
603,2366,FORFAIT CONSOMMABLE MEDECINE NUCLEAIRE 12,N12,autre_forfait
604,2367,FORFAIT CONSOMMABLE MEDECINE NUCLEAIRE 13,N13,autre_forfait
605,2368,FORFAIT CONSOMMABLE MEDECINE NUCLEAIRE 14,N14,autre_forfait
606,2369,FORFAIT CONSOMMABLE MEDECINE NUCLEAIRE 15,N15,autre_forfait
607,2371,TARIF SOINS GIR 1 ET 2,G1,autre_forfait
608,2372,TARIF SOINS GIR 3 ET 4,G2,autre_forfait
609,2373,TARIF SOINS GIR 5 ET 6,G3,autre_forfait
610,2380,"FORFAIT PSYCHIATRIE SEANCE COLL, 1 INTERVENANT 3 à 4H",PY0,etab_priv
611,2381,"FORFAIT PSYCHIATRIE SEANCE IND, 1 INTERVENANT 3 à 4H",PY1,etab_priv
612,2382,"FORFAIT PSYCHIATRIE SEANCE COLL, 2 INTERVENANTS 3 à 4H",PY2,etab_priv
613,2383,FORFAIT PSYCHIATRIE SEANCE IND. 2 INTERVENANTS 3 à 4H,PY3,etab_priv
614,2384,"FORFAIT PSYCHIATRIE SEANCE COLL, 1 INTERVENANT 6 à 8H",PY4,etab_priv
615,2385,FORFAIT PSYCHIATRIE SEANCE IND. 1 INTERVENANT 6 à 8H,PY5,etab_priv
616,2386,"FORFAIT PSYCHIATRIE SEANCE COLL, 2 INTERVENANT 6 à 8H",PY6,etab_priv
617,2387,FORFAIT PSYCHIATRIE SEANCE IND. 2 INTERVENANTS 6 à 8H,PY7,etab_priv
618,2388,FORFAIT PSYCHIATRIE DE SECURITE HOSPITALISATION SANS HEBERGEMENT,PY8,etab_priv
619,2389,PRISE EN CHARGE DE NUIT POUR UNE DUREE ENTRE 8 ET 12H,PY9,etab_priv
620,2391,FORFAIT TECHNIQUE TARIF REDUIT N°2,FR2,forfait_techniq
621,2392,FORFAIT TECHNIQUE TARIF REDUIT N°3,FR3,forfait_techniq
622,2411,INTERVENTION IVG,IG,techniq
623,2412,ANESTHESIE GENERALE,IGA,etab_priv
624,2413,INVESTIGATIONS BIOLOGIQUES,IGB,etab_priv
625,2414,CONSULTATION IVG,IC,cliniq
626,2415,MEDICAMENTS: MIFEYGINE,IGM,pharma_100
627,2416,MEDICAMENTS: PROSTAGLANDINES,IGP,pharma_100
628,2417,VERIFICATION BIOLOGIQUE,IVB,techniq
629,2418,VERIFICATION ECHOGRAPHIQUE,IVE,techniq
630,2419,FORFAIT INTERVENTION AMBULATOIRE,IMD,etab_priv
631,2420,FORFAIT INTERVENTION DUREE < OU = 12 H PRIVE MEDIC,IMI,etab_priv
632,2421,INTERVENTION + ANESTHESIE AMBULATOIRE,AMD,etab_priv
633,2422,FORFAIT POUR IVG MEDICAMENTEUSE,AMF,etab_priv
634,2423,FORFAIT INTERVENTION AVEC NUITEE,IPD,etab_priv
635,2424,INTERVENTION + ANESTHESIE AVEC NUITEE,APD,etab_priv
636,2425,FORFAIT IVG POUR 24H SUPPLEMENTAIRES - SECTEUR PRIVE/SECTEUR PUBLIC,FJS,etab_priv
637,2426,CONSULTATION IVG SPECIALISTE,ICS,cliniq
638,2428,ECHO PRE IVG,IPE,techniq
639,2501,FORFAIT FIR PDSES PUBLIQUE,FI1,etab_priv
640,2502,FORFAIT FIR CENTRE DEPISTAGE ANONYME ET GRATUIT,FI2,etab_priv
641,2503,FORFAIT FIR CENTRE PERINATAUX DE PROXIMITE,FI3,etab_priv
642,2504,FORFAIT FIR EDUCATION THERAPEUTIQUE,FI4,etab_priv
643,3101,FORFAIT STRUCTURE PS AUXILIAIRES,FSA,etab_priv
644,3102,CONTESTATION FORFAIT STRUCTURE PS AUXILIAIRES,FSC,non_indiv_ou_pro
645,3103,TELECONSULTATION LORS D'UN SOIN,TLS,cliniq
646,3104,TELECONSULTATION LIEU DEDIE,TLL,cliniq
647,3105,TELECONSULTATION DOMICILE,TLD,cliniq
648,3106,SOINS INFIRMIERS EXTERNALISES (PEC LOURDE),BSC,cliniq
649,3107,SOINS INFIRMIERS EXTERNALISES (PEC INTERMEDIAIRE),BSB,cliniq
650,3108,SOINS INFIRMIERS EXTERNALISES (PEC LEGERE),BSA,cliniq
651,3109,Majoration Infirmier Enfant,MIE,cliniq
652,3110,CONTRAT INCITATIF INFIRMIER,CII,non_indiv_ou_pro
653,3111,ACTES EN AMI,AMI,techniq
654,3112,"ACTES INFIRMIERS DE SOINS (AMI3-AMI13,AMI16)",AIS,techniq
655,3113,ACTES INFIRMIERS DES SAGES-FEMMES (SFI),SFI,techniq
656,3115,DEMARCHE INFIRMIER,DI,techniq
657,3116,MAJORATION POUR ACTE UNIQUE,MAU,techniq
658,3117,MAJORATION DE COORDINATION ET D'ENVIRONNEMENT DE SOIN INFIRMIER,MCI,techniq
659,3118,REMUNERATION VACCINATION GRIPPE A PAR INFIRMIERS LIBERAUX,VGI,non_indiv_ou_pro
660,3119,REMUNERATION VACCINATION GRIPPE A PAR INFIRMIER RETRAITE OU SALARIE HORS OBLIGATIONS,VIR,non_indiv_ou_pro
661,3120,SOINS INFIRMIERS EXTERNALISES,AMX,cliniq
662,3121,ACTES AMC,AMC,techniq
663,3122,ACTES EN AMK,AMK,techniq
664,3125,ACTES DE KINESITHERAPIE OSTEO-ARTICULAIRE,AMS,techniq
665,3126,CONTRAT DEMOGRAPHIQUE KINE,CIK,non_indiv_ou_pro
666,3127,FORFAIT PRISE EN CHARGE AVC,FRD,autre_forfait
667,3128,RETOUR A DOMICILE POST CHIRURGIE ORTHOPEDIQUE,FAD,etab_priv
668,3131,ACTES DES PEDICURES,AMP,techniq
669,3132,ACTES DES ORTHOPHONISTES,AMO,techniq
670,3133,ACTES DES ORTHOPTISTES,AMY,techniq
671,3134,ACTE DE PEDICURE-PODOLOGUE (DIABETIQUE),POD,techniq
672,3135,FORFAIT EVALUATION DOMICILE HANDICAP,FOT,autre_forfait
673,3136,MAJORATION ENFANT - ORTHOPHONIE,MEO,cliniq
674,3137,FORFAIT POST HOSPITALISATION - ORTHOPHONIE,FPH,cliniq
675,3138,FORFAIT EVALUATION DOMICILE HANDICAP - ORTHOPHONIE,FOH,cliniq
676,3139,CONTRAT INCITATIF ORTHOPHONISTE,CIO,non_indiv_ou_pro
677,3210,AIDE FINANCIERE A L'INTEROPERABILITE DMP,DMP,a_exclure
678,3211,ACTES DE BIOLOGIE,B,Labo
679,3212,ACTES D  ANATOMO-CYTO-PATHOLOGIE EN LABORATOIRE,BP,Labo
680,3213,FORFAIT PREALABLE BIOLOGIE IVG VILLE,FPB,Labo
681,3214,ACTES EN BR,BR,Labo
682,3216,FORFAIT ULTERIEUR BIOLOGIE IVG VILLE,FUB,Labo
683,3221,PRELEVEMENT AUTRE QUE SANGUIN PAR UN DIRECTEUR DE LABORATOIRE,KB,Labo
684,3222,PRELEVEMENT SANGUIN PAR UN DIRECTEUR DE LABORATOIRE,PB,Labo
685,3223,PRELEVEMENT SANGUIN PAR UN TECHNICIEN DE LABORATOIRE,TB,Labo
686,3225,PRELEVEMENT PAR PONCTION VEINEUSE DIRECTE POUR UN MEDECIN BIOLOGISTE,KMB,techniq
687,3300,REMUNERATION ROSP AOD,RRA,non_indiv_ou_pro
688,3301,CONTESTATION ROSP AOD,CRA,non_indiv_ou_pro
689,3302,PAIEMENT GARANTIE CONVENTIONNELLE PHARMACIE,PGC,prestations_en_espece_et_prevention_IJ_maladie_AT
690,3303,CONTESTATION GARANTIE CONVENTIONNELLE PHAMACIE,CGC,prestations_en_espece_et_prevention_IJ_maladie_AT
691,3304,PAIEMENT QUALITE DE SERVICE PHARMACIE,PQS,prestations_en_espece_et_prevention_IJ_maladie_AT
692,3305,CONTESTATION QUALITE DE SERVICE PHARMACIE,CQS,prestations_en_espece_et_prevention_IJ_maladie_AT
693,3306,BILAN MEDICATION REMUNERATION PHARMACIE,BMR,prestations_en_espece_et_prevention_IJ_maladie_AT
694,3307,BILAN MEDICATION CONTESTATION PHARMACIE,BMC,prestations_en_espece_et_prevention_IJ_maladie_AT
695,3308,CODE TRACEUR TELECONSULTATION,TLM,a_exclure
696,3311,PHARMACIE 100%,PH1,pharma_100
697,3312,PHARMACIE PH4,PH4/PG4,pharma_30
698,3313,PHARMACIE 65%,PH7/PG7,pharma_65
699,3314,HORMONE DE CROISSANCE,MX1/PH1,pharma_100
700,3315,MEDICAMENTS ANTIRETROVIRAUX,MX4/PH7,pharma_65
701,3316,MEDICAMENTS D  EXCEPTION,MX7/PH7,pharma_65
702,3317, PHARMACIE HOSPITALIERE A 100%,PHH,retrocession_100
703,3318, PHARMACIE HOSPITALIERE A 65%,PHS,retrocession_65
704,3319, PHARMACIE HOSPITALIERE,PHQ,retrocession_30
705,3320,PHARMACIE HOSPITALIERE EN SUS DU GHS,PH8,pharma_liste_sus
706,3321,FORFAIT PHARMACEUTIQUE EN MATERNITE,PHA,retrocession
707,3322,MAJORATION POUR ACHAT HORS HEURES OUVRABLES,UPH,pharma_100
708,3323,COPIE D  ORDONNANCE,CPH,pharma
709,3324,ECART MEDICAMENT INDEMNISABLE,EMI,pharma_liste_sus
710,3325,MAJORATION PHARMACIE DES ILES,MPI,pharma_100
711,3326,PREPARATION MAGISTRALE REMBOURSABLE,PMR,pharma_65
712,3327,PREPARATION MAGISTRALE HOMEOPATHIQUE,PMH,pharma_30
713,3328,MEDICAMENTS  HOMEOPATHIQUES UNITAIRES,MHU,pharma_30
714,3329,FORFAIT MEDICAMENT IVG VILLE,FMV,pharma_100
715,3330,ECART INDEMNISABLE RETROCESSION,ERI,retrocession_100
716,3331,VACCIN ANTI-GRIPPE,PH7/ANTI GRIPPE,pharma_65
717,3332,VACCIN ROR,PH7/ROR,pharma_65
718,3333,ANTI PALUDEEN,PH7/ANTI PALUDEEN,pharma_65
719,3334,Vaccin anti grippe Hémisphère Sud VAXIGRIP HS,GS1,pharma_65
720,3335,Vaccin anti grippe Hémisphère Sud FLUARIX HS,GS2,pharma_65
721,3336,PHARMACIE SOUS ATU SEJOUR,PHX,pharma
722,3337,FORFAIT FAUSSE COUCHE VILLE,FFC,autre_forfait
723,3338,FORFAIT FAUSSE COUCHE VILLE SANS ÉCHOGRAPHIE,FFV,autre_forfait
724,3339,FORFAIT FAUSSE COUCHE ETABLISSEMENT AVEC ECHOGRAPHIE,FEF,etab_priv
725,3340,FORFAIT FAUSSE COUCHE ETABLISSEMENT SANS ECHOGRAPHIE,FFE,etab_priv
726,3341,PHARMACIE 15%,PH2,pharma_15
727,3342,PREPARATION MAGISTRALE ALLOPATHIQUE 15 %,PM2,pharma_15
728,3343,PREPARATION MAGISTRALE ALLOPATHIQUE,PM4,pharma_30
729,3351,MEDICAMENT AVEC UNE AUTORISATION TEMPORAIRE D'UTILISATION,PHU,retrocession_100
730,3352,PREPARATION MAGISTRALE HOSPITALIRE,PHM,retrocession_100
731,3353,PREPARATION HOSPITALIERE,PHP,retrocession_100
732,3354,MEDICAMENT AVEC AUTORISATION D'IMPORTATION,PHI,retrocession_100
733,3355,MARGE FORFAITAIRE (MEDICAMENTS HOSPITALIERS),MAR,retrocession_100
734,3356,PHARMACIE HOSPITALIERE DEROGATOIRE,PHD,retrocession_100
735,3357,PHARMACIE HOSPITALIERE MMH,PHT,retrocession
736,3359,TROD ANGINE PHARMACIEN,TRD,pharma
737,3360,VACCINATION GRIPPE PHARMACIEN,VGP,pharma
738,3361,GARDE PHARMACIE NUIT,GPN,non_indiv_ou_pro
739,3362,GARDE PHARMACIE FERIE,GPF,non_indiv_ou_pro
740,3363,GARDE PHARMACIE DIMANCHE,GPD,non_indiv_ou_pro
741,3364,HONORAIRE MEDICAMENT REMBOURSABLE,HDR,pharma
742,3365,HONORAIRE DISPENSATION EN LIEN AVEC AGE,HDA,pha_hono_dispensation
743,3366,HONORAIRE DE DISPENSATION MEDICAMENTS SPECIFIQUES,HDE,pha_hono_dispensation
744,3374,KIT ANTI-GRIPPE,KGP,pharma
745,3375,REMUNERATION PHARMACIENS POUR VACCINS H1N1,,non_indiv_ou_pro
746,3378,CONTESTATION ROSP TRANSMISSION RPPS,CTR,non_indiv_ou_pro
747,3379,Honoraire de dispensation spécifique vaccins anti grippaux Hémisphère Sud,HDS,pha_hono_dispensation
748,3380,HONO DISP COMP,HC,pharma_100
749,3381,PREPARATION PHARMACEUTIQUE INDIVIDUALISEE (ALLERGENES),PPI,pharma_65
750,3382,PRISE EN CHARGE DEROGATOIRE PHARMACIE,PDP,pharma_100
751,3383,HONO DISP 1,HD1,pha_hono_dispensation
752,3384,HONO DISP 2,HD2,pha_hono_dispensation
753,3385,HONO DISP 4,HD4,pha_hono_dispensation
754,3386,HONO DISP 7,HD7,pha_hono_dispensation
755,3387,HONO DISP GC 1,HG1,pha_hono_dispensation
756,3388,HONO DISP GC 2,HG2,pha_hono_dispensation
757,3389,HONO DISP GC 4,HG4,pha_hono_dispensation
758,3390,HONO DISP GC 7,HG7,pha_hono_dispensation
759,3391,REMU  OBJECTIF - PHARMACIEN,ROP,non_indiv_ou_pro
760,3392,REMU OBJECTIF - PHARMACIEN COMPLEMENT,COP,non_indiv_ou_pro
761,3393,ROSP AVK,AVK,non_indiv_ou_pro
762,3394,ROSP AVK COMPLEMENT,CVK,non_indiv_ou_pro
763,3395,Plan personnalisé de santé pharmacie,PPH,non_indiv_ou_pro
764,3396,ROSP ASTHME,AHM,non_indiv_ou_pro
765,3397,ROSP ASTHME COMPLEMENT,CHM,non_indiv_ou_pro
766,3398,ROSP TRANSMISSION RPPS,RTR,non_indiv_ou_pro
767,3399,REMUNERATION PHARMACIENS POUR VACCINS H1N1 - REGULARISATION COMPTABLE ET SAISIE MANUELLE,,non_indiv_ou_pro
768,3411,"SANG,PLASMA ET LEURS DERIVES",SNG,pharma_100
769,3412,TRANSPORT DU PRODUIT,TSG,autre_forfait
770,3413,LAIT HUMAIN,LAI,pharma_100
771,3414,AUTRES PRODUITS D  ORIGINE HUMAINE,HUM,pharma_100
772,3500,"VERRE DE CLASSE B, UNIFOCAL SPHERO-CYLINDRIQUE A SPHERE POSITIVE COMPLEXE",VU7,optique_autre
773,3501,"VERRE DE CLASSE B, UNIFOCAL SPHERO-CYLINDRIQUE A SPHERE NEGATIVE TRES COMPLEXE",VU6,optique_autre
774,3502,"VERRE DE CLASSE B, UNIFOCAL SPHERO-CYLINDRIQUE A SPHERE POSITIVE SIMPLE",VU3,optique_autre
775,3503,"VERRE DE CLASSE B, UNIFOCAL SPHERO-CYLINDRIQUE A SPHERE NEGATIVE SIMPLE",VU2,optique_autre
776,3504,"VERRE DE CLASSE B, NEUTRE OU UNIFOCAL SPHERIQUE SIMPLE",VU1,optique_autre
777,3505,MONTURE ENFANT DE CLASSE A,M02,optique_autre
778,3506,MONTURE ADULTE DE CLASSE A,M01,optique_autre
779,3507,"VERRE DE CLASSE A, MULTIFOCAL OU PROGRESSIF TRES COMPLEXE",V04,optique_autre
780,3508,"VERRE DE CLASSE A, MULTIFOCAL OU PROGRESSIF COMPLEXE",V03,optique_autre
781,3509,"VERRE DE CLASSE A, UNIFOCAL COMPLEXE",V02,optique_autre
782,3510,"VERRE DE CLASSE A, NEUTRE OU UNIFOCAL SIMPLE",V01,optique_autre
783,3511,"APPAREILS D  ASSISTANCE RESPIRATOIRE,OXYGENOTHERAPIE A DOMICILE",AAR,LPP_autre
784,3512,AUTRES MATERIELS POUR TRAITEMENTS A DOMICILE (CHAP. 1),AAD,LPP_autre
785,3513,MATERIELS ET APPAREILS DE CONTENTION ET DE MAINTIEN (CHAP. 2),MAC,LPP_autre
786,3514,MATERIELS ET APPAREILS POUR TRAITEMENTS DIVERS (CHAP. 3),MAD,LPP_autre
787,3515,ARTICLES DE PANSEMENTS (CHAP. 4),PAN,LPP_autre
788,3516,NUTRIMENTS POUR INTOLERANTS AU GLUTEN (CHAP. 3),GLU,LPP_autre
789,3517,ALIMENTS DESTINES A DES FINS MEDICALES,NUT,pharma_100
790,3518,APPAREIL GENERATEUR D AEROSOL,ARO,LPP_autre
791,3519,"VERRE DE CLASSE B, MULTIFOCAL OU PROGRESSIF SPHERO-CYLINDRIQUE A SPHERE NEGATIVE SIMPLE",VM2,optique_autre
792,3520,"VERRE DE CLASSE B, MULTIFOCAL OU PROGRESSIF SPHERO-CYLINDRIQUE A SPHERE POSITIVE SIMPLE",VM3,optique_autre
793,3521,ORTHESES (PETIT APPAREILLAGE) (CHAP. 1),PA,LPP_autre
794,3522,DIVERS ORTHESES,DVO,LPP_autre
795,3523,MONTURE MOINS DE 18 ANS CMU,OME,optique_autre
796,3524,OPTIQUE ENFANT -A- MULTIFOCAUX (CMU),OVA,optique_autre
797,3525,OPTIQUE ENFANT -B- MULTIFOCAUX (CMU),OVB,optique_autre
798,3526,OPTIQUE -N°6 MULTIFOCAUX (CMU),OP7,optique_autre
799,3527,OPTIQUE -ENFANT-N°1 UNIFOCAUX (CMU),OV1,optique_autre
800,3528,OPTIQUE -ENFANT-N°2 UNIFOCAUX (CMU),OV2,optique_autre
801,3529,OPTIQUE -ENFANT-N°3 UNIFOCAUX (CMU),OV3,optique_autre
802,3530,OPTIQUE -ENFANT-N°4 UNIFOCAUX (CMU),OV4,optique_autre
803,3531,OPTIQUE MEDICALE PROPREMENT DIT,OPT,optique_autre
804,3532,MONTURE/LUNETTE POUR ENFANT DE - DE 18 ANS CRPCEN (HORS CODAGE LPP),LUN/LNE,optique_autre
805,3533,VERRES / VERRES POUR ENFANT<18 ans -CRPCEN- (hors codage LPP),VER/OPE,optique_autre
806,3534,REPARATION,OPR/ROM/ROV,optique_autre
807,3535,LENTILLES OPTIQUES,LEN,optique_autre
808,3536,VERRES UNIFOCAUX OP1 (CMU),OP1,optique_autre
809,3537,VERRES UNIFOCAUX OP2 (CMU),OP2,optique_autre
810,3538,VERRES UNIFOCAUX OP3 (CMU),OP3,optique_autre
811,3539,VERRES UNIFOCAUX OP4 (CMU),OP4,optique_autre
812,3540,PROTHESE AUDITIVE RAC ZERO,PAZ,audio_autre
813,3541,APPAREILS ELECTRONIQUES DE SURDITE  (CHAP 3.),PAU/AUA,audio_autre
814,3542,PROTHESES EXTERNES NON ORTHOPEDIQUES (CHAP. 4),PEX,LPP_autre
815,3543,PROTHESES OCULAIRES ET FACIALES (CHAP. 5),POC,LPP_autre
816,3544,CHAUSSURES ORTHOPEDIQUES (CHAP. 6),COR,LPP_autre
817,3545,ORTHOPROTHESES (CHAP 7.),ORP,LPP_autre
818,3546,ACCESSOIRES DE PROTHESES ET D  ORTHOPEDIE (CENTRES D  APPAR.) (CHAP.8),ORC,LPP_autre
819,3547,APPAREILS ELECTRONIQUES DE SURDITE (CONSOMMABLES Y.C. PILES),AUP,audio_autre
820,3548,ORTHOPROTHESES COUTEUSES,OPC,LPP_autre
821,3549,PROCESSEUR POUR IMPLANT OSTE-INTEGRE,PIO,audio_autre
822,3550,PROTHESE AUDITIVE SUIVI,SUI,audio_autre
823,3551,"IMPLANT INTERNE (CHAP. 1, 2 ET 3)",PII,LPP_autre
824,3552,IMPLANT MU PAR ELECTRICITE (CHAP. 4),PME,LPP_autre
825,3553,OPTIQUE -ENFANT-N°5 UNIFOCAUX (CMU),OV5,optique_autre
826,3554,OPTIQUE -ENFANT-N°6 UNIFOCAUX (CMU),OV6,optique_autre
827,3555,OPTIQUE -ENFANT-N°7 UNIFOCAUX (CMU),OV7,optique_autre
828,3556,OPTIQUE -ENFANT-N°8 UNIFOCAUX (CMU),OV8,optique_autre
829,3557,OPTIQUE -ENFANT-N°9 UNIFOCAUX (CMU),OV9,optique_autre
830,3558,LPP DEPAST PRIX LIMITE DE VENTE,PDZ,LPP_autre
831,3559,"VERRE DE CLASSE B, MULTIFOCAL OU PROGRESSIF SPHERIQUE SIMPLE",VM1,optique_autre
832,3560,"VERRE DE CLASSE B, UNIFOCAL SPHERIQUE COMPLEXE",VU4,optique_autre
833,3561,VEHICULES POUR HANDICAPES PHYSIQUES,VEH,LPP_autre
834,3562,"VERRE DE CLASSE B, UNIFOCAL SPHERO-CYLINDRIQUE A SPHERE NEGATIVE COMPLEXE",VU5,optique_autre
835,3563,MONTURE ADULTE DE CLASSE B,M03,optique_autre
836,3564,MONTURE ENFANT DE CLASSE B,M04,optique_autre
837,3565,OPTIQUE - ADAPTATION VERRE DE CLASSE A,S01,optique_autre
838,3566,"VERRE DE CLASSE B, MULTIFOCAL OU PROGRESSIF SPHERIQUE COMPLEXE",VM4,optique_autre
839,3567,"VERRE DE CLASSE B, MULTIFOCAL OU PROGRESSIF SPHERO-CYLINDRIQUE A SPHERE NEGATIVE COMPLEXE",VM5,optique_autre
840,3568,"VERRE DE CLASSE B, MULTIFOCAL OU PROGRESSIF SPHERO-CYLINDRIQUE A SPHERE NEGATIVE TRES COMPLEXE",VM6,optique_autre
841,3569,"VERRE DE CLASSE B, MULTIFOCAL OU PROGRESSIF SPHERO-CYLINDRIQUE A SPHERE POSITIVE COMPLEXE",VM7,optique_autre
842,3570,OPTIQUE - AUTRE SUPPLEMENT,SV3,optique_autre
843,3571,FRAIS DE GESTION APPAREILLAGE,FGA,LPP_autre
844,3572,ECART TIPS INDEMNISABLE,ETI,LPP_autre
845,3573,FOURNITURE ET EQUIPEMENT DEROGATOIRES,FED,LPP_autre
846,3574,DISPOSITIF MEDICAL (PRISE EN CHARGE EXCEPTIONNELLE),PDM,LPP_autre
847,3575,COMPLEMENT AT 150% LPP,ATL,LPP_autre
848,3576,PRESTATION PARTICULIERE ET PANDEMIE,PPP,cliniq
849,3578,OPTIQUE CLASSE A - SUPPLEMENT POUR MONTURE DE LUNETTES A COQUE - MOINS DE 6 ANS,MS1,optique_autre
850,3579,OPTIQUE CLASSE B - SUPPLEMENT POUR MONTURE DE LUNETTES A COQUE - MOINS DE 6 ANS,MS2,optique_autre
851,3580,OPTIQUE - ADAPTATION VERRE DE CLASSE B,SV1,optique_autre
852,3581,VERRES UNIFOCAUX OP5(CMU),OP5,optique_autre
853,3582,VERRES UNIFOCAUX OP6(CMU),OP6,optique_autre
854,3583,MONTURE (CMU),OPM,optique_autre
855,3584,"OPTIQUE - APPAIRAGE NIVEAU 1, 2 OU 3 VERRE DE CLASSE A",SV2,optique_autre
856,3585,OPTIQUE ¿ SUPPLEMENT POUR VERRES TEINTES (PLAFONNE),SV4,optique_autre
857,3591,PRISE EN CHARGE DEROGATOIRE LPP,PCD,LPP_autre
858,3592,PEC EXCEPTIONNELLE DÉPASSEMENT LPP,DLE,LPP_autre
859,3593,TELESURVEILLANCE : FOURNISSEUR DE LA SOLUTION,TSF,a_exclure
860,3594,PEC EXCEPTIONNELLE DEPASSEMENT LPP TP,DLT,LPP_autre
861,3610,SUPPLEMENT DEROGATOIRE SG SUR PRESTATION PHARMACIE NON REMBOURSABLE (CNMSS),SGN,non_indiv_ou_pro
862,3611,SUPPLEMENT DEROGATOIRE SG SUR PRESTATION SANITAIRE NON REMBOURSABLE (CNMSS),SGS,non_indiv_ou_pro
863,3612,SUPPLEMENT DEROGATOIRE SG SUR PRESTATION SANITAIRE REMBOURSABLE (CNMSS),DPS,non_indiv_ou_pro
864,4111,FORFAIT DE SURVEILLANCE MEDICALE  1ER HANDICAP,STH,Forfait_thermal
865,4112,FORFAIT DE SURVEILLANCE MEDICALE REDUIT  2EME HANDICAP,THR,Forfait_thermal
866,4113,PRATIQUES MEDICALES COMPLEMENTAIRES COTEES EN K,KTH,Forfait_thermal
867,4114,COMPLEMENT SURVEILLANCE THERMALE,CST,Forfait_thermal
868,4131,FRAIS DE TRANSPORT - CURES THERMALES,TTH,cures_thermales_transp
869,4132,FRAIS D  HOTEL - CURES THERMALES,HTH,cures_thermales_heberg
870,4141,FORFAIT THERMAL 1,TH1,cures_thermales
871,4142,FORFAIT THERMAL 2 AVEC KINESITEHRAPIE,TH2,cures_thermales
872,4143,FORFAIT THERMAL 2EME ORIENTATION,TH3,cures_thermales
873,4144,FORFAIT THERMAL 3 AVEC 9 SEANCES KINESITHERAPIE,TH4,cures_thermales
874,4145,FORFAIT THERMAL 72 SEANCES AVEC KINE,TH5,cures_thermales
875,4151,FORFAIT THERMAL 18 SEANCES COLLECTIVES,MK1,cures_thermales
876,4152,FORFAIT THERMAL 18 SEANCES INDIVIDUELLES,MK2,cures_thermales
877,4153,FORFAIT THERMAL 9 SEANCES COLLECTIVES,MK3,cures_thermales
878,4154,FORFAIT THERMAL 9 SEANCES INDIVIDUELLES,MK4,cures_thermales
879,4155,THERMAL-SEVRAGE DES PSYCHOTROPES,FSB,cures_thermales
880,4156,THERMAL-SUITE CANCER DU SEIN,FKS,cures_thermales
881,4157,THERMAL-TROUBLE COMPORTEMENT 72 SEANCES,TC1,cures_thermales
882,4158,THERMAL-TROUBLE COMPORTEMENT 108 SEANCES,TC2,cures_thermales
883,4203,SUPPLEMENT TRANSPORT PERSONNE MOBILITE REDUITE,TMR,transport
884,4204,FORFAIT TRANSPORT URGENCE EXTRAMUROS CPAM MEUSE,FUE,transport
885,4205,FORFAIT TRANSPORT URGENCE INTRAMUROS CPAM MEUSE,FUI,transport
886,4206,PRESTATION FIN DE GARDE AMBULANCE,AFG,non_indiv_ou_pro
887,4207,FORFAIT TRANSPORT D'URGENCE EXPERIMENTATION CPAM AUDE,FTU,transport
888,4208,FORFAIT D'URGENCE SUR APPEL DU SAMU EXPERIMENTATION CPAM BOUCHES-DU-RHONE,FUS,transport
889,4209,COMPLEMENT TRANSPORTS D'URGENCE,CTU,transport
890,4210,Taxi tarif A,TXA,transport
891,4211,SERVICES MOBILES D  URGENCE ET DE REANIMATION (SMUR),SMU,transport
892,4212,AMBULANCES AGREEES,ABA,transport
893,4213,VEHICULES SANITAIRES LEGERS (VSL),VSL,transport
894,4214,TAXIS,TXI,transport
895,4215,VEHICULES PERSONNELS,VP,transport
896,4216,TRANSPORT REEDUCATION PROFESSIONNEL,TRP,transport
897,4217,Taxi tarif B,TXB,transport
898,4218,Taxi tarif C,TXC,transport
899,4219,AUTRES MODES DE TRANSPORT,ATP,transport
900,4220,Taxi tarif D,TXD,transport
901,4221,AMBULANCE AGREEE DE GARDE,ABG,transport
902,4222,INDEMNITE DE GARDE AMBULANCIERE,ING,non_indiv_ou_pro
903,4223,PART ASSOCIATION TRANSPORTEUR,,transport
904,4224,PRATIQUE DE GEO LOCALISATION PAR DISPOSITIF EMBARQUE,PGE,non_indiv_ou_pro
905,4225,FORFAIT TRANSPORT PARTAGE PAR 2 PERSONNES,TS2,transport
906,4226,FORFAIT TRANSPORT PARTAGE PAR 3 PERSONNES,TS3,transport
907,4227,CONTRAT D'AMELIORATION DE LA QUALITE ET DE LA COORDINATION DES SOINS,CAQ,non_indiv_ou_pro
908,4228,CONTRAT D'AMELIORATION DE LA QUALITE ET DE LA COORDINATION DES SOINS COMPLEMENT,CAC,non_indiv_ou_pro
909,4229,Taxi tarif F,TXF,transport
910,4311,FRAIS DE DEPLACEMENT - ENQU'TE LEGALE AT,DEL,non_indiv_ou_pro
911,4312,FRAIS DE DEPLACEMENT - COLLEGE 3 MEDECINS,DCM,non_indiv_ou_pro
912,4313,HONORAIRES,HCM,non_indiv_ou_pro
913,4314,ENQUETE,ENQ,non_indiv_ou_pro
914,4315,AUTOPSIE,AUT,non_indiv_ou_pro
915,4316,EXPERTISE,EXP,non_indiv_ou_pro
916,4317,HONORAIRE COMITE  REGIONAL  RECONNAISSANCE Maladie  Professionnelle,HMP,non_indiv_ou_pro
917,4318,DEPLACEMENT COMITE REGIONAL RECONNAISSANCE MP,DPH,non_indiv_ou_pro
918,4319,DEPLACEMENT PERSONNE ENTENDUE (CRRMP),DPE,non_indiv_ou_pro
919,4320,AVIS SAPITEUR,ECP,non_indiv_ou_pro
920,4321,FRAIS FUNERAIRES,FUN,non_indiv_ou_pro
921,4322,TRANSPORT DU CORPS,TRC,non_indiv_ou_pro
922,4323,INDEMNITE ALLOUEE EN REPARATION DES PREJUDICES EXTRA-PATRIMOMIAUX,PDO,non_indiv_ou_pro
923,4324,INDEMNITE DE CHANGEMENT D  EMPLOI,ICE,non_indiv_ou_pro
924,4325,INDEMNITE COMPLEMENTAIRE POUR REEDUCATION PROFESSIONNELLE,ICR,non_indiv_ou_pro
925,4326,PRETIUM PULCHRITUDINIS,PPU,non_indiv_ou_pro
926,4327,PRETIUM SEXUALE,PSE,non_indiv_ou_pro
927,4328,PREJUDICE D'AGREMENT,PAG,non_indiv_ou_pro
928,4329,PREJUDICE PERTE OU DIMINUTION PROMOTION PROFESSIONNELLE,PPD,non_indiv_ou_pro
929,4330,PREJUDICES EXTRA PATRIMONIAUX - HORS IV,PNC,non_indiv_ou_pro
930,4331,"REMBOURSEMENTS DE SOINS A L  ETRANGER (ET1 A ET6 ET ET8 A ET9, ETB ETA, ETH, ETT, ETP, ETX )",ETR,a_exclure
931,4332,PREJUDICE AMIANTE,PPA,prestations_en_espece_et_prevention_IJ_maladie_AT
932,4339,REMBOURSEMENT DE SOINS,RES,non_indiv_ou_pro
933,4341,FRAIS DE TUTELLE,,non_indiv_ou_pro
934,4342,COTISATIONS A.T. EN CAS DE READAPTATION FONCTIONNELLE,CRF,non_indiv_ou_pro
935,4343,COTISATIONS A.T. EN CAS DE REEDUCATION PROFESSIONNELLE,CRP,non_indiv_ou_pro
936,4351,PRIME DE FIN DE REEDUCATION,PFR,non_indiv_ou_pro
937,4352,AUTRES PRESTATIONS DIVERSES,,non_indiv_ou_pro
938,4353,"INDEMNITE POUR PERTE DE SALAIRE (MALADIE, AT)",IPS,non_indiv_ou_pro
939,4359,FORFAIT UTILISATION DES TELESERVICES,IUS,autre_forfait
940,4360,FORFAIT PARTICIPATION A LA TELETRANSMISSION,FPT,autre_forfait
941,4361,FACTURATION FEUILLE DE SOINS (POUR INFORMATION),FFS,a_exclure
942,4362,ASTREINTE MEDECIN (POUR INFORMATION),AST,a_exclure
943,4363,AIDE A LA FACTURATION FEUILLE DES FLUX NON SECURISES,FFN,a_exclure
944,4364,AIDE MAINTENANCE TELETRANSMISSION,AMT,a_exclure
945,4365,AIDE PORTABLE TELETRANSMISSION,APT,a_exclure
946,4366,AIDE DEMARRAGE TELETRANSMISSION,ADT,a_exclure
947,4367,AIDE ADHESION RAPIDE DISPOSITIF,ARD,a_exclure
948,4368,FORFAIT STRUCTURE CENTRE DE SANTE,FCS,a_exclure
949,4369,FORFAIT PROFESSIONNEL DE SANTE CENTRE DE SANTE,FPS,a_exclure
950,4370,FORFAIT D'INCITATION FORFAITAIRE A LA NUMERISATION ET A LA TRANSMISSION,IFT,a_exclure
951,4371,FORFAIT DE SOINS MEDICALISES (REGIME DES MINISTRES DES CULTES ET DES MEMBRES CONGR. ET COLL.RELIGIEUSES),FSM,non_indiv_ou_pro
952,4372,FORFAIT REPOS CONVALESCENCE (REGIME DES MINISTRES DES CULTES ET DES MEMBRES CONGR. ET COLL.RELIGIEUSES),FRC,non_indiv_ou_pro
953,4373,EXAMEN DE SANTE,EDS,prevention
954,4374,MÉCANISME DE COMPENSATION AUX CENTRES DE SANTÉ,MDS,non_indiv_ou_pro
955,4375,AIDE OUTIL DE MISE A JOUR,OMJ,a_exclure
956,4376,LIGNE TELEPHONIQUE DEDIEE,LTD,a_exclure
957,4377,PIED SUPPORT MATERIEL,PSM,a_exclure
958,4378,SUPPLEMENT OFFICINE DOM,SOD,a_exclure
959,4379,AVANCE RÉMUNÉRATION SPÉCIFIQUE CENTRES DE SANTÉ,ADS,non_indiv_ou_pro
960,4380,SOLDE RÉMUNÉRATION SPÉCIFIQUE CENTRES DE SANTÉ,SDS,non_indiv_ou_pro
961,4381,ACTES NON NOMENCLATURE,HN,a_exclure
962,4382,PHARMACIE NON REMBOURSABLE,PHN,pharma_0
963,4391,RESPONSABILITE CIVILE PROFESSIONNELLE,RCP,non_indiv_ou_pro
964,4392,RESPONSABILITE CIVILE ECHOGRAPHIE OBSTETRICALE,RCO,non_indiv_ou_pro
965,4393,RESPONSABILITE CIVILE CHIRURGIE 1,RC1,non_indiv_ou_pro
966,4394,RESPONSABILITE CIVILE CHIRURGIE 2,RC2,non_indiv_ou_pro
967,4395,RESPONSABILITE CIVILE ANESTHESIE REANIMATION,RCA,non_indiv_ou_pro
968,4396,PRIME RESPONSABILITE SPECIALISTE,PRS,non_indiv_ou_pro
969,4397,PRIME ACCREDITATION SPECIALISTE,ACR,non_indiv_ou_pro
970,4411,AIDE SOCIALE,,non_indiv_ou_pro
971,4412,DISPENSAIRES ANTITUBERCULEUX,,non_indiv_ou_pro
972,4413,DISPENSAIRES ANTIVENERIENS,,non_indiv_ou_pro
973,4414,HYGIENE MENTALE,,non_indiv_ou_pro
974,4415,ETABLISSEMENTS DE LUTTE CONTRE LA TUBERCULOSE,,non_indiv_ou_pro
975,4416,PROTECTION MATERNELLE ET INFANTILE,,non_indiv_ou_pro
976,4417,AUTRES PARTICIPATIONS FORFAITAIRES NON INDIVIDUALISEES,,non_indiv_ou_pro
977,4419,AUTRES DEPENSES NON INDIVIDUALISEES,,non_indiv_ou_pro
978,4501,CONTROLES MEDICAUX (CLERCS ET EMPLOYES DE NOTAIRES),CNT,non_indiv_ou_pro
979,4511,CAPITAL DECES,CDC,prestations_en_espece_et_prevention_IJ_maladie_AT
980,4512,FORFAIT CDC COTISANT  TI,FCC,non_indiv_ou_pro
981,4513,FORFAIT CDC RETRAITE TI,FRI,non_indiv_ou_pro
982,4514,FORFAIT CDC POLY-RETRAITE,FPR,non_indiv_ou_pro
983,4515,ALLOCATION ORPHELIN D'UN TRAVAILLEUR INDEPENDANT DECEDE,AOT,a_exclure
984,4611,FORFAIT DIVERS PAYES A LA STRUCTURE DE SOINS (FILIERES ET RESEAUX),FDI,prestations_en_espece_et_prevention_IJ_maladie_AT
985,4612,FORFAIT D EDUCATION THERAPEUTIQUE ET D INTERESSEMENT (FILIERES ET RESEAUX),FET,prestations_en_espece_et_prevention_IJ_maladie_AT
986,5101,FORFAIT VERRES UNIFOCAUX OP1,OP1,optique_autre
987,5102,FORFAIT VERRES UNIFOCAUX OP2,OP2,optique_autre
988,5103,FORFAIT VERRES UNIFOCAUX OP3,OP3,optique_autre
989,5104,FORFAIT VERRES UNIFOCAUX OP4,OP4,optique_autre
990,5105,FORFAIT VERRES UNIFOCAUX OP5,OP5,optique_autre
991,5106,FORFAIT VERRES UNIFOCAUX OP6,OP6,optique_autre
992,5107,FORFAIT MONTURE CMU,OPM,optique_autre
993,5108,FORFAIT CMUC MONTURE MOINS DE 18 ANS OME,OME,optique_autre
994,5109,FORFAIT MONTURE MOINS DE 18 ANS CMU OV1,OV1,optique_autre
995,5110,FORFAIT MONTURE MOINS DE 18 ANS CMU OV2,OV2,optique_autre
996,5111,FORFAIT MONTURE MOINS DE 18 ANS CMU OV3,OV3,optique_autre
997,5112,FORFAIT MONTURE MOINS DE 18 ANS CMU OV4,OV4,optique_autre
998,5113,FORFAIT MONTURE MOINS DE 18 ANS CMU OV5,OV5,optique_autre
999,5114,FORFAIT MONTURE MOINS DE 18 ANS CMU OV6,OV6,optique_autre
1000,5115,FORFAIT MONTURE MOINS DE 18 ANS CMU OV7,OV7,optique_autre
1001,5116,FORFAIT MONTURE MOINS DE 18 ANS CMU OV8,OV8,optique_autre
1002,5117,FORFAIT MONTURE MOINS DE 18 ANS CMU OV9,OV9,optique_autre
1003,5118,FORFAIT MONTURE MOINS DE 18 ANS CMU OVA,OVA,optique_autre
1004,5119,FORFAIT MONTURE MOINS DE 18 ANS CMU OVB,OVB,optique_autre
1005,5120,FORFAIT MONTURE MOINS DE 18 ANS CMU OP7,OP7,optique_autre
1006,5121,"FORFAIT C2S - VERRE DE CLASSE A, NEUTRE OU UNIFOCAL SIMPLE",V01,optique_autre
1007,5122,"FORFAIT C2S - VERRE DE CLASSE A, UNIFOCAL COMPLEXE",V02,optique_autre
1008,5123,"FORFAIT C2S - VERRE DE CLASSE A, MULTIFOCAL OU PROGRESSIF COMPLEXE",V03,optique_autre
1009,5124,"FORFAIT C2S - VERRE DE CLASSE A, MULTIFOCAL OU PROGRESSIF TRES COMPLEXE",V04,optique_autre
1010,5125,FORFAIT C2S - MONTURE ADULTE DE CLASSE A,M01,optique_autre
1011,5126,FORFAIT C2S - MONTURE ENFANT DE CLASSE A,M02,optique_autre
1012,5127,FORFAIT C2S - OPTIQUE - ADAPTATION VERRE DE CLASSE A,S01,optique_autre
1013,5128,FORFAIT C2S - OPTIQUE CLASSE A - SUPPLEMENT POUR MONTURE DE LUNETTES A COQUE - MOINS DE 6 ANS,MS1,optique_autre
1014,5129,"FORFAIT C2S - OPTIQUE - APPAIRAGE NIVEAU 1, 2 OU 3 VERRE DE CLASSE A",SV2,optique_autre
1015,5130,FORFAIT C2S - OPTIQUE ¿ SUPPLEMENT POUR VERRES TEINTES (PLAFONNE),SV4,optique_autre
1016,5201,FORFAIT PROTHESE DENTAIRE ADJOINTE,FDA,techniq
1017,5202,FORFAIT REPARATION PROTHESE ADJOINTE,FDR,techniq
1018,5203,FORFAIT PROTHESE DENTAIRE CONJOINTE,FDC,techniq
1019,5204,FORFAIT ORTHODONTIE,FDO,techniq
1020,5205,FORFAIT PROTHESE CONJOINTE (C2S HORS PANIER DE SOINS),FPC,techniq
1021,5206,FORFAIT ORTHODONTIQUE (C2S HORS PANIER DE SOINS),FPO,techniq
1022,5401,FORFAIT AUDIO-PROTHESE,PAU,audio_autre
1023,6011,CARENCE -,CAR-,IJ
1024,6012,CARENCE +,CAR +,IJ
1025,6013,IJ CARENCE (CRPCEN),IJC,IJ
1026,6014,COMPLEMENT IJ >PLAFOND   (CRPCEN),CIJ,IJ
1027,6110,IJ NORMALES + 6MOIS,ASN,IJ
1028,6111,IJ NORMALES -3 MOIS,NOR-/REN-/MIN-,IJ
1029,6112,IJ NORMALES +3MOIS,NOR+/MIN+,IJ
1030,6113,IJ REDUITES -3MOIS,1/1-,IJ
1031,6114,IJ REDUITES +3MOIS,1/1+,IJ
1032,6115,IJ MAJOREES -3MOIS,MAJ-/REN+,IJ
1033,6116,IJ MAJOREES +3MOIS,MAJ+/MIJ-/MIJ+,IJ
1034,6117,"IJ PARTIELLE,  PERTE DE SALAIRE -3MOIS",MIT-,IJ
1035,6118,"IJ PARTIELLE,  PERTE DE SALAIRE +3MOIS",MIT+,IJ
1036,6119,IJ MAJOREES + 6 MOIS,ASM,IJ
1037,6120,INDEMNITE TEMPORAIRE D'INAPTITUDE AT/MP,ITI,IJ
1038,6121,IJ PRENATALES,PRE,IJ
1039,6122,IJ POSTNATALES,POS,IJ
1040,6123,IJ EN CAS D  ADOPTION,ADO,IJ
1041,6124,IJ CONGE SUPPLEMENTAIRE PREMA,ISM,IJ
1042,6125,INDEMNITE REMPLACEMENT CONJOINTS COLLABORATEURS TI,IRT+/IRT-,IJ
1043,6126,FORFAIT GROSSESSE TAUX PLEIN TI,FGP,IJ
1044,6127,FORFAIT GROSSESSE TAUX REDUIT TI,FGR,IJ
1045,6128,FORFAIT ADOPTION TAUX PLEIN TI,FAP,IJ
1046,6129,FORFAIT ADOPTION TAUX REDUIT TI,FAR,IJ
1047,6131,IJ NORMALES POUR CURE THERMALE,CUN-,IJ
1048,6132,IJ MAJOREES POUR CURE THERMALE,CUM-,IJ
1049,6133,IJ REDUITES POUR CURE THERMALE,CUR-,IJ
1050,6134,IJ MALADIE  PAMC MOINS DE 3 MOIS,AAM-,IJ
1051,6135,IJ MALADIE  PAMC PLUS DE 3 MOIS,AAM+,IJ
1052,6191,INDEMNITE DE NOURRITURE,IDN,IJ
1053,6210,IJ PATERNITE HOSPITALISATION ENFANT,PEH-/PEH+,IJ
1054,6211,ALLOCATION FEMME ENCEINTE,AFE+/AFE-,IJ
1055,6212,IJ CONGE MATERNITE AU PERE,PER,IJ
1056,6213,INDEMNITE DE REMPLACEMENT PATERNITE,,IJ
1057,6214,IJ CONGE SUPPLEMENTAIRE MATERNITE PAMC,ISP-,IJ
1058,6215,IJ CONGE POSTNATAL PAMC,IRN+/IRN-,IJ
1059,6221,ALLOCATION REPOS MATERNEL NORMAL,ARM,IJ
1060,6222,ALLOCATION REPOS MATERNEL ADOPTION,ARA,IJ
1061,6231,IJ CONGE PRENATAL PAMC,IRM+/IRM-,IJ
1062,6232,IJ CONGE ADOPTION PAMC,IRA-/IRA+,IJ
1063,6233,IJ CONGE PATHOLOGIQUE PAMC,IRP-,IJ
1064,6234,INDEMNITE MATERNITE EN CAS DE NAISSANCES MULTIPLES,IRG,IJ
1065,6235,INDEMNITE DE REMPLACEMENT CONJOINTE COLLABORATRICE,IRC,IJ
1066,6236,IJ PATERNITE PAMC,IPA-,IJ
1067,6237,INDEMNITE PATERNITE CONJOINT PAMC,IPC,IJ
1068,6238,INDEMNITES PATERNITE CONJOINT INFIRMIER,IPI,IJ
1069,6239,INDEMNITÉ MALADIE DOUBLE ACTIVITÉ  PAMC,IDA,IJ
1070,6241,ALLOCATION ACCOMPAGNEMENT FIN DE VIE CESSATION ACTIVITE TEMPS PLEIN,AVP,IJ
1071,6242,ALLOCATION ACCOMPAGNEMENT FIN DE VIE CESSATION ACTIVITE REDUITE,AVR,IJ
1072,6251,ALLOCATION NUIT NORMALE - 3 MOIS,NNO-,IJ
1073,6252,ALLOCATION NUIT NORMALE + 3 MOIS,NNO+,IJ
1074,6253,ALLOCATION NUIT MAJOREE  3 ENFANTS - 3 MOIS,NME-,IJ
1075,6254,ALLOCATION NUIT MAJOREE  3 ENFANTS + 3 MOIS,NME+,IJ
1076,6255,ALLOCATION NUIT MAJOREE ARRET + 6 MOIS,NMN,IJ
1077,6256,ALLOCATION NUIT MAJOREE ARRET + 6 MOIS ET 3 ENFANTS,NEN,IJ
1078,6257,ALLOCATION EXPOSITION NORMALE - 3 MOIS,ENO-,IJ
1079,6258,ALLOCATION EXPOSITION NORMALE + 3 MOIS,ENO+,IJ
1080,6261,ALLOCATION EXPOSITION MAJOREE 3 ENFANTS - 3 MOIS,EME-,IJ
1081,6262,ALLOCATION EXPOSITION MAJOREE 3 ENFANTS + 3 MOIS,EME+,IJ
1082,6263,ALLOCATION EXPOSITION ARRET + 6 MOIS,EMN,IJ
1083,6264,ALLOCATION EXPOSITION ARRET + 6 MOIS ET 3 ENFANTS,EEN,IJ
1084,6311,RDS IJ MATERNITE,,IJ
1085,6312,RDS ALLOC MATERNITE,,IJ
1086,7111,PENSION INVALIDITE AVANTAGES DE BASE,PI/RPI,IJ
1087,7112,PENSION INVALIDITE ALLOCATIONS SUPPLEMENTAIRES,FN/RFN,IJ
1088,7113,PENSION INVALIDITE MAJORATIONS POUR ASSISTANCE D  UNE TIERCE PERSONNE,TP/RTP,IJ
1089,7119,PENSIONS D  INVALIDITE SERVIES PAR LE REGIME SPECIAL DE SECURITE SOCIALE DANS LES MINES,,IJ
1090,8111,RENTES DE VICTIME,RVI,IJ
1091,8112,MAJORATIONS POUR ASSISTANCE D  UNE TIERCE PERSONNE,MTP,IJ
1092,8113,RENTES DE CONJOINT SURVIVANT,RCS,IJ
1093,8114,RENTES DE REVERSION,REV,IJ
1094,8115,RENTES D  ORPHELIN,ROR,IJ
1095,8116,RENTES D  ASCENDANT,RAS,IJ
1096,8117,MAJORATION FAUTE INEXCUSABLE RENTE ASCENDANT,FIA,IJ
1097,8118,MAJORATION FAUTE INEXCUSABLE RENTE VICTIME,FIR,IJ
1098,8119,MAJORATION FAUTE INEXCUSABLE RENTE CONJOINT,FIC,IJ
1099,8120,MAJORATION FAUTE INEXCUSABLE RENTE ORPHELIN,FIO,IJ
1100,8121,PRESTATION COMPLEMENTAIRE POUR RECOURS A TIERCE PERSONNE,PTP,IJ
1101,8221,MAJORATIONS CRISTALLISEES,MCR,IJ
1102,8222,RACHAT OBLIGATOIRE,ROB,IJ
1103,8223,RACHAT FACULTATIF TOTAL,RFT,IJ
1104,8224,RACHAT FACULTATIF PARTIEL,RFP,IJ
1105,8225,TRANSFERT DE CAPITAUX,,IJ
1106,8226,INDEMNITE EN CAPITAL ACCIDENT DU TRAVAIL,ICA,IJ
1107,8227,MAJORATION FAUTE INEXCUSABLE INDEMNITE EN CAPITAL,FII,IJ
1108,9111,COMPLEMENT TICKET MODERATEUR,P01,etab_priv
1109,9112,COMPLEMENT FRAIS DE TRANSPORT ET DE SEJOUR,P02,etab_priv
1110,9113,FRAIS OCCASIONNE PAR LE DON D ORGANES,P03,etab_priv
1111,9114,COMPLEMENT AUX FRAIS D HOSPITALISATION DE LA MERE QUI ALLAITE SON ENFANT,P04,etab_priv
1112,9115,PERTE DE SALAIRE POUR ENFANT MALADE,P05,IJ
1113,9116,INDEMNITES JOURNALIERES MATERNITE POUR CERTAINES CATEGORIES D ASSURES,P06,IJ
1114,9118,FRAIS FUNERAIRES,P08,a_exclure
1115,9119,COMPLEMENT POUR CURE THERMALE,P10,cures_thermales
1116,9121,COMPLEMENT TICKET MODERATEUR POUR ENFANT DE MOINS D UN AN,P11,etab_priv
1117,9122,ALLOCATION DECES,P12,IJ
1118,9123,COMPLEMENT MALADIES CHRONIQUES ET MAINTIEN A DOMICILE,P13,IJ
1119,9129,INDEMNITES COMPLEMENTAIRES EN REEDUCATION PROFESSIONNELLE,P09,IJ
1120,9131,INDEMNITE DE PERTE DE SALAIRE Y COMPRIS  DIALYSE A DOMICILE,PSD/IPS,IJ
1121,9132,FRAIS DE DEPLACEMENT EN CURE THERMALE,TTH,cures_thermales_transp
1122,9133,FRAIS D  HEBERGEMENT EN CURE THERMALE,HTH,cures_thermales_heberg
1123,9134,PRIME DE FIN DE REEDUCATION PROFESSIONNELLE,PFR,non_indiv_ou_pro
1124,9135,AIDE FINANCIERE EXCEPTIONNELLE (SECOURS),SEC,non_indiv_ou_pro
1125,9141,MAJORATION LIEE A UNE VISITE D  URGENCE,VA,cliniq
1126,9142,MAJORATION LIEE A UN K D  URGENCE,KAU,etab_priv
1127,9143,SUPPLEMENT POUR SOINS AUX POLYTRAUMATISES,,techniq
1128,9144,HONORAIRES REMUNERANT LA PERMANENCE TELEPHONIQUE SUR LA BASE DE 3 C DE L HEURE (ASTREINTE),,non_indiv_ou_pro
1129,9151,PLAN SEGUIN,,non_indiv_ou_pro
1130,9152,PLAN EVIN,,non_indiv_ou_pro
1131,9161,PRESTATIONS SUPPLEMENTAIRES ALSACE-MOSELLE,,non_indiv_ou_pro
1132,9162,SURVEILLANCE MEDICALE MATERNELLE EN ACTION SANITAIRE ET SOCIALE,SNM,non_indiv_ou_pro
1133,9163,CENTRE EXAMEN SANTE  SAISIE MANUELLE,,non_indiv_ou_pro
1134,9164,PRESTATIONS D ASS SNCF ET REGIME GENERAL,,non_indiv_ou_pro
1135,9165,PRESTATIONS D ASS SNCF ET REGIME GENERAL,,non_indiv_ou_pro
1136,9166,PRESTATIONS D ASS SNCF ET REGIME GENERAL,,non_indiv_ou_pro
1137,9167,PRESTATIONS D ASS SNCF ET REGIME GENERAL,,non_indiv_ou_pro
1138,9168,PRESTATIONS D ASS SNCF ET REGIME GENERAL,,non_indiv_ou_pro
1139,9169,PRESTATIONS D ASS SNCF ET REGIME GENERAL,,non_indiv_ou_pro
1140,9170,PRESTATIONS D ASS SNCF ET REGIME GENERAL,,non_indiv_ou_pro
1141,9191,TICKET MODERATEUR - PREVENTION BUCCO-DENTAIRE,,techniq
1142,9201,ENTRETIEN EVALUATION PSYCHOLOGUE,EEP,prevention
1143,9202,ACCOMPAGNEMENT PSYCHOLOGIQUE DE SOUTIEN,APS,prestations_en_espece_et_prevention_IJ_maladie_AT
1144,9203,PSYCHOTHERAPIE STRUCTUREE,PSS,a_exclure
1145,9204,DEPISTAGE MALADIES SURCHARGE-DYSLIPEMIE,DMS,prevention
1146,9205,DEPISTAGE CONDUITE ADDICTIVE,DCA,prevention
1147,9206,DEPISTAGE AMIANTE,DAM,prevention
1148,9207,DEPISTAGE SURDITE,DSU,prevention
1149,9211,VACCIN (MILITAIRES) / VACCIN GRIPPE (CRPCEN),VCC/VAC,prevention
1150,9221,TEST DE DEPISTAGE RAPIDE (FOURNISSEUR),TDF,prevention
1151,9311,DEPISTAGE DU CANCER COLO-RECTAL,BD4,prevention
1152,9312,DEPISTAGE DU CANCER DU SEIN (PREVENTION MALADIE),,prevention
1153,9313,FRAIS DE LECTURE POUR MAMMOGRAPHIE,BD3,prestations_en_espece_et_prevention_IJ_maladie_AT
1154,9318,ANALYSES DEPISTAGE CANCER UTERUS (PREVENTION MALADIE),,prevention
1155,9319,PRELEVEMENTS DEPISTAGE CANCER UTERUS (PREVENTION MALADIE),,prevention
1156,9411,CONSULTATION HYGIENE BUCCO-DENTAIRE,,prevention
1157,9412,HYGIENE BUCCO-DENTAIRE N91 (SCELLEMENT D  UNE MOLAIRE),,a_exclure
1158,9413,HYGIENE BUCCO-DENTAIRE N92 (SCELLEMENT DE DEUX MOLAIRES),,a_exclure
1159,9414,HYGIENE BUCCO-DENTAIRE N93 (SCELLEMENT DE TROIS MOLAIRES),,a_exclure
1160,9415,HYGIENE BUCCO-DENTAIRE N94 (SCELLEMENT DE QUATRE MOLAIRES),,a_exclure
1161,9421,PREVENTION BUCCO-DENTAIRE: CONSULTATION,BDC,cliniq
1162,9422,PREVENTION BUCCO-DENTAIRE: RADIO DEUX CLICHES,BR2,techniq
1163,9423,PREVENTION BUCCO-DENTAIRE: RADIO QUATRE CLICHES,BR4,techniq
1164,9424,PREVENTION BUCCO-DENTAIRE: RADIO EN IMAGERIE NUMERISEE,RIN,prestations_en_espece_et_prevention_IJ_maladie_AT
1165,9425,TM POUR DC (MSA),,techniq
1166,9426,TM POUR SC(MSA),,techniq
1167,9427,TM POUR Z(MSA),,techniq
1168,9429,CAMPAGNE BUCCO DENTAIRE MOCALES,BD2,prevention
1169,9430,TM DE L'ACTE DE VACCINATION GRIPPE A/H1N1,,prestations_en_espece_et_prevention_IJ_maladie_AT
1170,9431,PREVENTION ENTRETIEN DE SANTE,PES,prevention
1171,9432,TM DES INDEMNITES DE DEPLACEMENTS ID et MD,,prestations_en_espece_et_prevention_IJ_maladie_AT
1172,9433,TM DE LA RETINOPATHIE DIABETIQUE,,prestations_en_espece_et_prevention_IJ_maladie_AT
1173,9434,ACTE DE DEPISTAGE DU CANCER COLORECTAL,DCC,prevention
1174,9435,BUCCO DENT. CONSULTATION COMPLEXE,BDX,cliniq
1175,9436,BUCCO DENT. CONSULTATION ET RADIO PANORAMIQUE,BRP,cliniq
1176,9511,EXAMEN ET BILAN DE SANTE,BDS/EDS,prevention
1177,9512,AUTRES ACTIONS COLLECTIVES DE PREVENTION,BD5,prevention
1178,9521,ACTES DE PREVENTION,PDI,prevention
1179,9566,TRAITEMENT NICOTINIQUE DE SUBSTITUTION,TNS,prestations_en_espece_et_prevention_IJ_maladie_AT
1180,9567,REMUNERATION ADHESION SOPHIA (PREVENTION),RSO,non_indiv_ou_pro
1181,9568,REMUNERATION RENOUVELLEMENT SOPHIA (PREVENTION),RSR,non_indiv_ou_pro
1182,9569,RETOUR DOM. INSUFFISANT CARDIAQUE,RAD,non_indiv_ou_pro
1183,9570,BRONCHO-PNEUMOPATHIE CHRONIQUE OBSTRUCTIVE,BPC,techniq
1184,9601,MUTUELLE CHAMBRE PARTICULIERE (CAVIMAC),MCP,a_exclure
1185,9602,FORFAIT DE SOINS INFIRMIERS MUTUELLE SECTEUR MEDICAL (CAVIMAC),MFM,a_exclure
1186,9603,FORFAIT DE SOINS INFIRMIERS MUTUELLE SECTEUR REPOS CONVALESCENCE (CAVIMAC),MFR,a_exclure
1187,9604,MUTUELLE LONG SEJOUR,MLS,a_exclure
1188,9701,"COMPLEMENT D ACTION SOCIALE APPAREIL DE SURDITE (CLERCS ET EMPLOYES DE NOTAIRES, PORT AUTONOME DE BORDEAUX)",SSU,prestations_en_espece_et_prevention_IJ_maladie_AT
1189,9702,COMPLEMENT D ACTION SOCIALE BRIDGE (CLERCS ET EMPLOYES DE NOTAIRES),,prestations_en_espece_et_prevention_IJ_maladie_AT
1190,9703,COMPLEMENT D ACTION SOCIALE DENTAIRE (CLERCS ET EMPLOYES DE NOTAIRES),SDO,prestations_en_espece_et_prevention_IJ_maladie_AT
1191,9704,"COMPLEMENT D ACTION SOCIALE PROTHESES DENTAIRES (CLERCS ET EMPLOYES DE NOTAIRES, PORT AUTONOME DE BORDEAUX)",ASP,prestations_en_espece_et_prevention_IJ_maladie_AT
1192,9705,COMPLEMENT D ACTION SOCIALE DENTAIRE ALSACE MOSELLE (CLERCS ET EMPLOYES DE NOTAIRES),SSP,prestations_en_espece_et_prevention_IJ_maladie_AT
1193,9706,COMPLEMENT D ACTION SOCIALE OPTIQUE (CLERCS ET EMPLOYES DE NOTAIRES),SOL,prestations_en_espece_et_prevention_IJ_maladie_AT
1194,9707,"COMPLEMENT D ACTION SOCIALE OPTIQUE, ENFANT DE MOINS DE 16 ANS (CLERCS ET EMPLOYES DE NOTAIRES)",SOE,prestations_en_espece_et_prevention_IJ_maladie_AT
1195,9708,"COMPLEMENT D ACTION SOCIALE MONTURES (CLERCS ET EMPLOYES DE NOTAIRES, PORT AUTONOME DE BORDEAUX)",SOM,prestations_en_espece_et_prevention_IJ_maladie_AT
1196,9709,"COMPLEMENT D ACTION SOCIALE VERRES (CLERCS ET  EMPLOYES DE NOTAIRES, PORT AUTONOME DE BORDEAUX)",SOV,prestations_en_espece_et_prevention_IJ_maladie_AT
1197,9710,"COMPLEMENT D ACTION SOCIALE LENTILLES (CLERCS ET EMPLOYES DE NOTAIRES, PORT AUTONOME DE BORDEAUX)",,prestations_en_espece_et_prevention_IJ_maladie_AT
1198,9711,PRIME DE LAYETTE (CLERCS ET  EMPLOYES DE NOTAIRES),LYA/LYB/LYJ/LYT,prestations_en_espece_et_prevention_IJ_maladie_AT
1199,9712,ALLOCATION VOYAGE DES ENFANTS A LA COLONIE DU PRARIAND (CLERCS ET EMPLOYES DE NOTAIRES),VOY,prestations_en_espece_et_prevention_IJ_maladie_AT
1200,9713,AIDE AUX SEJOURS DES ENFANTS (CLERCS ET EMPLOYES DE NOTAIRES),COL,prestations_en_espece_et_prevention_IJ_maladie_AT
1201,9714,ALLOCATION VACANCES (CLERCS ET EMPLOYES DE NOTAIRES),FAM,prestations_en_espece_et_prevention_IJ_maladie_AT
1202,9715,AIDES FINANCIERES INDIVIDUELLES OPTIQUE,SSO,prestations_en_espece_et_prevention_IJ_maladie_AT
1203,9716,ACTION SOCIALE DENTAIRE,SSD,prestations_en_espece_et_prevention_IJ_maladie_AT
1204,9717,ACTION SOCIALE AUDITIF,SSA,prestations_en_espece_et_prevention_IJ_maladie_AT
1205,9718,ACTION SOCIALE CURE THERMALE,CCT,prestations_en_espece_et_prevention_IJ_maladie_AT
1206,9719,AIDES FINANCIERES INDIVIDUELLES HOSPITALISATION,SEJ,prestations_en_espece_et_prevention_IJ_maladie_AT
1207,9721,AIDES FINANCIERES INDIVIDUELLES DIFFICULTES FINANCIERES,DIF,prestations_en_espece_et_prevention_IJ_maladie_AT
1208,9722,AIDES FINANCIERES INDIVIDUELLES AUTRES,AAF,prestations_en_espece_et_prevention_IJ_maladie_AT
1209,9723,VACANCES RETRAITES (CLERCS ET EMPLOYES DE NOTAIRES),RET,prestations_en_espece_et_prevention_IJ_maladie_AT
1210,9724,AIDE A LA SCOLARITE (CRPCEN),SCO,prestations_en_espece_et_prevention_IJ_maladie_AT
1211,9725,ACCUEIL JEUNE ENFANT (CRPCEN),CES,prestations_en_espece_et_prevention_IJ_maladie_AT
1212,9726,PRESTATIONS SUPPLÉMENTAIRES OPTIQUES CRPCEN,SOP,prestations_en_espece_et_prevention_IJ_maladie_AT
1213,9727,PRESTATIONS SUPPLÉMENTAIRES ACOUSTIQUES CRPCEN,SAU,prestations_en_espece_et_prevention_IJ_maladie_AT
1214,9729,ACCUEIL JEUNE ENFANT - CRPCEN 1,DM1,a_exclure
1215,9730,ACCUEIL JEUNE ENFANT - CRPCEN 2,DM2,a_exclure
1216,9731,COMPLEMENT A L'ACS,AMU,prestations_en_espece_et_prevention_IJ_maladie_AT
1217,9732,AIDE A L'ACQUISITION D'UNE COUVERTURE COMPLEMENTAIRE POUR LES VICTIMES DU SEUIL ACS,AFI,prestations_en_espece_et_prevention_IJ_maladie_AT
1218,9733,AIDE AU REPIT D'UN INDEPENDANT ACTIF,ARI,a_exclure
1219,9734,AIDE AUX INDEPENDANTS INVALIDES,AII,a_exclure
1220,9735,AIDE AU MAINTIEN DANS L'ACTIVITE,AMA,a_exclure
1221,9741,AIDES AU LOGEMENT,HLO,prestations_en_espece_et_prevention_IJ_maladie_AT
1222,9742,AIDE A LA COMMUNICATION HORS AUDITIF,HCO,prestations_en_espece_et_prevention_IJ_maladie_AT
1223,9743,AIDES A LA DEAMBULATION ET AU TRANSPORT,HAT,prestations_en_espece_et_prevention_IJ_maladie_AT
1224,9744,AUTRES TYPES D AIDES,HAU,prestations_en_espece_et_prevention_IJ_maladie_AT
1225,9751,FOURNITURES ET ACCESSOIRES NON REMBOURSABLES,SPL,prestations_en_espece_et_prevention_IJ_maladie_AT
1226,9752,GARDES MALADES A DOMICILE,HAD,prestations_en_espece_et_prevention_IJ_maladie_AT
1227,9761,AIDES FINANCIERES INDIVIDUELLES ORTHODONTIE,SOR,prestations_en_espece_et_prevention_IJ_maladie_AT
1228,9762,AIDES FINANCIERES INDIVIDUELLES PHARMACIE/LPP,SEP,prestations_en_espece_et_prevention_IJ_maladie_AT
1229,9763,AIDES FINANCIERES A CARACTERE SOCIAL AFFECTEES AU LOGEMENT,DIL,prestations_en_espece_et_prevention_IJ_maladie_AT
1230,9764,AIDES FINANCIERES A CARACTERE SOCIAL AFFECTEES AUX BESOINS ALIMENTAIRES ET VESTIMENTAIRES,DIB,prestations_en_espece_et_prevention_IJ_maladie_AT
1231,9765,AIDES FINANCIERES A CARACTERE SOCIAL AFFECTEES AUX FRAIS DE SCOLARISATION,DIS,prestations_en_espece_et_prevention_IJ_maladie_AT
1232,9766,AIDES FINANCIERES A CARACTERE SOCIAL AFFECTEES AUX REGLEMENTS D'IMPOTS TAXES ET PRIMES,DIT,prestations_en_espece_et_prevention_IJ_maladie_AT
1233,9767,AIDES FINANCIERES A CARACTERE SOCIAL D'ATTENTE DE VERSEMENT DE REVENUS DE SUBSTITUTION,DIA,prestations_en_espece_et_prevention_IJ_maladie_AT
1234,9768,AIDES FINANCIERES A CARACTERE SOCIAL AFFECTEES AUX FRAIS D'OBSEQUES,DIO,prestations_en_espece_et_prevention_IJ_maladie_AT
1235,9769,AIDES FINANCIERES A CARACTERE SOCIAL PALLIANT L'ABSENCE DE REVENUS,DIN,prestations_en_espece_et_prevention_IJ_maladie_AT
1236,9771,AIDES PROTHESES AUDITIVES,HPA,prestations_en_espece_et_prevention_IJ_maladie_AT
1237,9772,AIDES MENAGERES,HAI,prestations_en_espece_et_prevention_IJ_maladie_AT
1238,9773,AIDES MENAGERES SORTIE D'HOSPITALISATION COORDONNEE,ASH,prestations_en_espece_et_prevention_IJ_maladie_AT
1239,9774,ACTES FOURNITURES SORTIE D'HOSPITALISATION COORDONNEE,PSH,prestations_en_espece_et_prevention_IJ_maladie_AT
1240,9775,AIDES MENAGERES PROGRAMME D'ACCOMPAGNEMENT APRES INTERVENTION ORTHOPEDIQUE,PAD,prestations_en_espece_et_prevention_IJ_maladie_AT
1241,9776,ACTES FOURNITURES PROGRAMME D'ACCOMPAGNEMENT APRES INTERVENTION ORTHOPEDIQUE,PFD,prestations_en_espece_et_prevention_IJ_maladie_AT
1242,9777,PHARMACIE NON REMBOURSABLE SOINS PALLIATIFS,PPL,prestations_en_espece_et_prevention_IJ_maladie_AT
1243,9778,BILANS DE COMPETENCES ET REORIENTATION PROFESSIONNELLE,BCP,prestations_en_espece_et_prevention_IJ_maladie_AT
1244,9801,CODES MIS A LA DISPOSITION DE LA SNCF,,a_exclure
1245,9802,CODES MIS A LA DISPOSITION DE LA SNCF,,a_exclure
1246,9803,CODES MIS A LA DISPOSITION DE LA SNCF,,a_exclure
1247,9804,CODES MIS A LA DISPOSITION DE LA SNCF,,a_exclure
1248,9805,CODES MIS A LA DISPOSITION DE LA SNCF,,a_exclure
1249,9806,CODES MIS A LA DISPOSITION DE LA SNCF,,a_exclure
1250,9807,CODES MIS A LA DISPOSITION DE LA SNCF,,a_exclure
1251,9808,CODES MIS A LA DISPOSITION DE LA SNCF,,a_exclure
1252,9809,CODES MIS A LA DISPOSITION DE LA SNCF,,a_exclure
1253,9810,CODES MIS A LA DISPOSITION DE LA SNCF,,a_exclure
1254,9811,CODES MIS A LA DISPOSITION DE LA SNCF,,a_exclure
1255,9812,CODES MIS A LA DISPOSITION DE LA SNCF,,a_exclure
1256,9813,CODES MIS A LA DISPOSITION DE LA SNCF,,a_exclure
1257,9814,CODES MIS A LA DISPOSITION DE LA SNCF,,a_exclure
1258,9815,CODES MIS A LA DISPOSITION DE LA SNCF,,a_exclure
1259,9816,CODES MIS A LA DISPOSITION DE LA SNCF,,a_exclure
1260,9817,CODES MIS A LA DISPOSITION DE LA SNCF,,a_exclure
1261,9818,CODES MIS A LA DISPOSITION DE LA SNCF,,a_exclure
1262,9819,CODES MIS A LA DISPOSITION DE LA SNCF,,a_exclure
1263,9820,CODES MIS A LA DISPOSITION DE LA SNCF,,a_exclure
1264,9821,CODES MIS A LA DISPOSITION DE LA SNCF,,a_exclure
1265,9822,CODES MIS A LA DISPOSITION DE LA SNCF,,a_exclure
1266,9823,CODES MIS A LA DISPOSITION DE LA SNCF,,a_exclure
1267,9824,CODES MIS A LA DISPOSITION DE LA SNCF,,a_exclure
1268,9825,CODES MIS A LA DISPOSITION DE LA SNCF,,a_exclure
1269,9826,CODES MIS A LA DISPOSITION DE LA SNCF,,a_exclure
1270,9827,CODES MIS A LA DISPOSITION DE LA SNCF,,a_exclure
1271,9828,CODES MIS A LA DISPOSITION DE LA SNCF,,a_exclure
1272,9829,CODES MIS A LA DISPOSITION DE LA SNCF,,a_exclure
1273,9830,CODES MIS A LA DISPOSITION DE LA SNCF,,a_exclure
1274,9831,CODES MIS A LA DISPOSITION DE LA SNCF,,a_exclure
1275,9832,CODES MIS A LA DISPOSITION DE LA SNCF,,a_exclure
1276,9833,CODES MIS A LA DISPOSITION DE LA SNCF,,a_exclure
1277,9834,CODES MIS A LA DISPOSITION DE LA SNCF,,a_exclure
1278,9835,CODES MIS A LA DISPOSITION DE LA SNCF,,a_exclure
1279,9836,CODES MIS A LA DISPOSITION DE LA SNCF,,a_exclure
1280,9837,CODES MIS A LA DISPOSITION DE LA SNCF,,a_exclure
1281,9838,CODES MIS A LA DISPOSITION DE LA SNCF,,a_exclure
1282,9839,CODES MIS A LA DISPOSITION DE LA SNCF,,a_exclure
1283,9840,CODES MIS A LA DISPOSITION DE LA SNCF,,a_exclure
1284,9841,CODES MIS A LA DISPOSITION DE LA SNCF,,a_exclure
1285,9842,CODES MIS A LA DISPOSITION DE LA SNCF,,a_exclure
1286,9843,CODES MIS A LA DISPOSITION DE LA SNCF,,a_exclure
1287,9844,CODES MIS A LA DISPOSITION DE LA SNCF,,a_exclure
1288,9845,CODES MIS A LA DISPOSITION DE LA SNCF,,a_exclure
1289,9846,CODES MIS A LA DISPOSITION DE LA SNCF,,a_exclure
1290,9847,CODES MIS A LA DISPOSITION DE LA SNCF,,a_exclure
1291,9848,CODES MIS A LA DISPOSITION DE LA SNCF,,a_exclure
1292,9849,CODES MIS A LA DISPOSITION DE LA SNCF,,a_exclure
1293,9850,CODES MIS A LA DISPOSITION DE LA SNCF,,a_exclure
1294,9851,CODES MIS A LA DISPOSITION DE LA SNCF,,a_exclure
1295,9852,CODES MIS A LA DISPOSITION DE LA SNCF,,a_exclure
1296,9853,CODES MIS A LA DISPOSITION DE LA SNCF,,a_exclure
1297,9854,CODES MIS A LA DISPOSITION DE LA SNCF,,a_exclure
1298,9855,CODES MIS A LA DISPOSITION DE LA SNCF,,a_exclure
1299,9856,CODES MIS A LA DISPOSITION DE LA SNCF,,a_exclure
1300,9857,CODES MIS A LA DISPOSITION DE LA SNCF,,a_exclure
1301,9858,CODES MIS A LA DISPOSITION DE LA SNCF,,a_exclure
1302,9859,CODES MIS A LA DISPOSITION DE LA SNCF,,a_exclure
1303,9860,CODES MIS A LA DISPOSITION DE LA SNCF,,a_exclure
1304,9861,CODES MIS A LA DISPOSITION DE LA SNCF,,a_exclure
1305,9862,CODES MIS A LA DISPOSITION DE LA SNCF,,a_exclure
1306,9863,CODES MIS A LA DISPOSITION DE LA SNCF,,a_exclure
1307,9864,CODES MIS A LA DISPOSITION DE LA SNCF,,a_exclure
1308,9865,CODES MIS A LA DISPOSITION DE LA SNCF,,a_exclure
1309,9866,CODES MIS A LA DISPOSITION DE LA SNCF,,a_exclure
1310,9867,CODES MIS A LA DISPOSITION DE LA SNCF,,a_exclure
1311,9868,CODES MIS A LA DISPOSITION DE LA SNCF,,a_exclure
1312,9869,CODES MIS A LA DISPOSITION DE LA SNCF,,a_exclure
1313,9870,CODES MIS A LA DISPOSITION DE LA SNCF,,a_exclure
1314,9871,CODES MIS A LA DISPOSITION DE LA SNCF,,a_exclure
1315,9872,CODES MIS A LA DISPOSITION DE LA SNCF,,a_exclure
1316,9873,CODES MIS A LA DISPOSITION DE LA SNCF,,a_exclure
1317,9874,CODES MIS A LA DISPOSITION DE LA SNCF,,a_exclure
1318,9875,CODES MIS A LA DISPOSITION DE LA SNCF,,a_exclure
1319,9876,CODES MIS A LA DISPOSITION DE LA SNCF,,a_exclure
1320,9877,CODES MIS A LA DISPOSITION DE LA SNCF,,a_exclure
1321,9878,CODES MIS A LA DISPOSITION DE LA SNCF,,a_exclure
1322,9879,CODES MIS A LA DISPOSITION DE LA SNCF,,a_exclure
1323,9880,CODES MIS A LA DISPOSITION DE LA SNCF,,a_exclure
1324,9881,CODES MIS A LA DISPOSITION DE LA SNCF,,a_exclure
1325,9882,CODES MIS A LA DISPOSITION DE LA SNCF,,a_exclure
1326,9883,CODES MIS A LA DISPOSITION DE LA SNCF,,a_exclure
1327,9884,CODES MIS A LA DISPOSITION DE LA SNCF,,a_exclure
1328,9885,CODES MIS A LA DISPOSITION DE LA SNCF,,a_exclure
1329,9886,CODES MIS A LA DISPOSITION DE LA SNCF,,a_exclure
1330,9887,CODES MIS A LA DISPOSITION DE LA SNCF,,a_exclure
1331,9888,CODES MIS A LA DISPOSITION DE LA SNCF,,a_exclure
1332,9889,CODES MIS A LA DISPOSITION DE LA SNCF,,a_exclure
1333,9890,CODES MIS A LA DISPOSITION DE LA SNCF,,a_exclure
1334,9891,CODES MIS A LA DISPOSITION DE LA SNCF,,a_exclure
1335,9892,CODES MIS A LA DISPOSITION DE LA SNCF,,a_exclure
1336,9893,CODES MIS A LA DISPOSITION DE LA SNCF,,a_exclure
1337,9894,CODES MIS A LA DISPOSITION DE LA SNCF,,a_exclure
1338,9895,CODES MIS A LA DISPOSITION DE LA SNCF,,a_exclure
1339,9896,CODES MIS A LA DISPOSITION DE LA SNCF,,a_exclure
1340,9897,CODES MIS A LA DISPOSITION DE LA SNCF,,a_exclure
1341,9898,CODES MIS A LA DISPOSITION DE LA SNCF,,a_exclure
1342,9899,CODES MIS A LA DISPOSITION DE LA SNCF,,a_exclure
1343,9901,TRANSPORT POUR PERSONNE ACCOMPAGNANTE (MILITAIRES),TRA,a_exclure
1344,9902,AIDE SOCIALE (MILITAIRES),AFA,a_exclure
1345,9911,AIDE MENAGERE,AIM,a_exclure
1346,9912,AIDE MENAGERE FAMILIALE (MILITAIRES),AFM,a_exclure
1347,9999,VALEUR INCONNUE,,a_exclure
